Protocollo;Gruppo;DataOraIncidente;Localizzazione1;STRADA1;Localizzazione2;STRADA2;Strada02;Chilometrica;DaSpecificare;NaturaIncidente;particolaritastrade;TipoStrada;FondoStradale;Pavimentazione;Segnaletica;CondizioneAtmosferica;Traffico;Visibilita;Illuminazione;NUM_FERITI;NUM_RISERVATA;NUM_MORTI;NUM_ILLESI;Longitudine;Latitudine;Confermato;Progressivo;TipoVeicolo;StatoVeicolo;TipoPersona;Sesso;Tipolesione;Deceduto;DecedutoDopo;CinturaCascoUtilizzato;Airbag
2606676;20;03/12/2015 16:45;Strada Urbana;LUNGOTEVERE FLAMINIO;in prossimità;;del civico n.;80;;Scontro laterale fra veicoli in marcia;Rettilineo;Una carreggiata a doppio senso;Asciutto;Asfaltata;Verticale ed orizzontale;Sereno;Normale;Buona;Ore Diurne;0;0;0;4;12.46156;41.92927;-1;1;Autovettura privata;In marcia / fermata / arresto;Passeggero;M;Illeso;0;;Non accertato;Inesploso
2606676;20;03/12/2015 16:45;Strada Urbana;LUNGOTEVERE FLAMINIO;in prossimità;;del civico n.;80;;Scontro laterale fra veicoli in marcia;Rettilineo;Una carreggiata a doppio senso;Asciutto;Asfaltata;Verticale ed orizzontale;Sereno;Normale;Buona;Ore Diurne;0;0;0;4;12.46156;41.92927;-1;2;Autovettura privata;In marcia / fermata / arresto;Conducente;M;Illeso;0;;Non accertato;Inesploso
2606676;20;03/12/2015 16:45;Strada Urbana;LUNGOTEVERE FLAMINIO;in prossimità;;del civico n.;80;;Scontro laterale fra veicoli in marcia;Rettilineo;Una carreggiata a doppio senso;Asciutto;Asfaltata;Verticale ed orizzontale;Sereno;Normale;Buona;Ore Diurne;0;0;0;4;12.46156;41.92927;-1;2;Autovettura privata;In marcia / fermata / arresto;Passeggero;M;Illeso;0;;;
2606685;3;03/12/2015 14:05;Strada Urbana;VIALE DEL POLICLINICO;da specificare;;;;altezza civico 149;Tamponamento;Rettilineo;Due carreggiate;Asciutto;Asfaltata;Verticale ed orizzontale;Sereno;Normale;Buona;Ore Diurne;1;0;0;1;12.50896;41.90746;-1;1;Motociclo a solo;In marcia / fermata / arresto;Conducente;M;Rimandato;0;NON DECEDUTO;;
2606685;3;03/12/2015 14:05;Strada Urbana;VIALE DEL POLICLINICO;da specificare;;;;altezza civico 149;Tamponamento;Rettilineo;Due carreggiate;Asciutto;Asfaltata;Verticale ed orizzontale;Sereno;Normale;Buona;Ore Diurne;1;0;0;1;12.50896;41.90746;-1;2;Autovettura privata;In marcia / fermata / arresto;Conducente;M;Illeso;0;;Non accertato;Inesploso
2606700;2;03/12/2015 14:30;Strada Urbana;VIA GUGLIELMO CALDERINI;in corrispondenza;;del civico n.;fr 1F;;Scontro laterale fra veicoli in marcia;Rettilineo;Una carreggiata a senso unico di marcia;Asciutto;Asfaltata;Verticale ed orizzontale;Sereno;Scarso;Buona;Ore Diurne;0;0;0;2;12.46766;41.9318;-1;1;Autovettura privata;In marcia / fermata / arresto;Conducente;M;Illeso;0;;Non accertato;Inesploso
2606700;2;03/12/2015 14:30;Strada Urbana;VIA GUGLIELMO CALDERINI;in corrispondenza;;del civico n.;fr 1F;;Scontro laterale fra veicoli in marcia;Rettilineo;Una carreggiata a senso unico di marcia;Asciutto;Asfaltata;Verticale ed orizzontale;Sereno;Scarso;Buona;Ore Diurne;0;0;0;2;12.46766;41.9318;-1;2;Autovettura privata;In marcia / fermata / arresto;Conducente;F;Illeso;0;;Non accertato;Inesploso
2606702;3;03/12/2015 15:00;Strada Urbana;VIALE DEL POLICLINICO;da specificare;;;;fermata Atac nr. 70133;Scontro laterale fra veicoli in marcia;Rettilineo;Una carreggiata a doppio senso;Asciutto;Asfaltata;Verticale ed orizzontale;Sereno;Normale;Buona;Ore Diurne;0;0;0;2;12.50768;41.90919;-1;1;Autovettura privata;In marcia / fermata / arresto;Conducente;F;Illeso;0;;Non accertato;Inesploso
2606702;3;03/12/2015 15:00;Strada Urbana;VIALE DEL POLICLINICO;da specificare;;;;fermata Atac nr. 70133;Scontro laterale fra veicoli in marcia;Rettilineo;Una carreggiata a doppio senso;Asciutto;Asfaltata;Verticale ed orizzontale;Sereno;Normale;Buona;Ore Diurne;0;0;0;2;12.50768;41.90919;-1;2;Autobus di linea;In marcia / fermata / arresto;Conducente;M;Illeso;0;;Non accertato;
2606703;2;03/12/2015 21:00;Strada Urbana;VIA NOMENTANA;in prossimità;;del civico n.;fr. 329;;Scontro frontale/laterale SX fra veicoli in marcia;Rettilineo;Più di due carreggiate;Asciutto;Asfaltata;Verticale ed orizzontale;Nuvoloso;Scarso;Buona;Sufficiente;1;0;0;2;12.49637;41.90278;-1;1;Autovettura privata;In marcia / fermata / arresto;Conducente;M;Illeso;0;;;
2606703;2;03/12/2015 21:00;Strada Urbana;VIA NOMENTANA;in prossimità;;del civico n.;fr. 329;;Scontro frontale/laterale SX fra veicoli in marcia;Rettilineo;Più di due carreggiate;Asciutto;Asfaltata;Verticale ed orizzontale;Nuvoloso;Scarso;Buona;Sufficiente;1;0;0;2;12.49637;41.90278;-1;1;Autovettura privata;In marcia / fermata / arresto;Passeggero;F;Illeso;0;;;
2606703;2;03/12/2015 21:00;Strada Urbana;VIA NOMENTANA;in prossimità;;del civico n.;fr. 329;;Scontro frontale/laterale SX fra veicoli in marcia;Rettilineo;Più di due carreggiate;Asciutto;Asfaltata;Verticale ed orizzontale;Nuvoloso;Scarso;Buona;Sufficiente;1;0;0;2;12.49637;41.90278;-1;2;Motociclo a solo;In marcia / fermata / arresto;Conducente;M;Rimandato;0;NON DECEDUTO;;
2606706;2;03/12/2015 17:10;Strada Urbana;VIA TAGLIAMENTO;da specificare;;;;ALTEZZA N. CIV. 78;Tamponamento;Rettilineo;Una carreggiata a doppio senso;Asciutto;Asfaltata;Verticale ed orizzontale;Sereno;Intenso;Buona;Ore Diurne;1;0;0;2;12.50315;41.92016;-1;1;Autocarro inferiore 35 q.;In marcia / fermata / arresto;Conducente;M;Rimandato;0;NON DECEDUTO;Non accertato;Inesploso
2606706;2;03/12/2015 17:10;Strada Urbana;VIA TAGLIAMENTO;da specificare;;;;ALTEZZA N. CIV. 78;Tamponamento;Rettilineo;Una carreggiata a doppio senso;Asciutto;Asfaltata;Verticale ed orizzontale;Sereno;Intenso;Buona;Ore Diurne;1;0;0;2;12.50315;41.92016;-1;2;Autovettura privata;In marcia / fermata / arresto;Conducente;M;Illeso;0;;;Inesploso
2606706;2;03/12/2015 17:10;Strada Urbana;VIA TAGLIAMENTO;da specificare;;;;ALTEZZA N. CIV. 78;Tamponamento;Rettilineo;Una carreggiata a doppio senso;Asciutto;Asfaltata;Verticale ed orizzontale;Sereno;Intenso;Buona;Ore Diurne;1;0;0;2;12.50315;41.92016;-1;2;Autovettura privata;In marcia / fermata / arresto;Passeggero;F;Illeso;0;;;
2606708;2;03/12/2015 22:15;Strada Urbana;VIA DEI CAMPI SPORTIVI;all'intersezione con;LARGO GIULIO ONESTI;LARGO GIULIO ONESTI;;;Veicolo in marcia contro veicolo in sosta;Incrocio;Una carreggiata a doppio senso;Asciutto;Asfaltata;Verticale;Sereno;Scarso;Sufficiente;Sufficiente;1;0;0;0;12.49126;41.93894;-1;1;Motociclo a solo;In marcia / fermata / arresto;Conducente;M;Rimandato;0;NON DECEDUTO;Non accertato;
2606715;17;03/12/2015 08:00;Strada Urbana;VIA ANDREA DORIA;in prossimità;;del civico n.;10;;Scontro laterale fra veicoli in marcia;Rettilineo;Una carreggiata a doppio senso;Asciutto;Asfaltata;Verticale ed orizzontale;Nuvoloso;Intenso;Buona;Ore Diurne;0;0;0;2;12.45455;41.91038;-1;1;Autovettura privata;In marcia / fermata / arresto;Conducente;M;Illeso;0;;Non accertato;Inesploso
2606715;17;03/12/2015 08:00;Strada Urbana;VIA ANDREA DORIA;in prossimità;;del civico n.;10;;Scontro laterale fra veicoli in marcia;Rettilineo;Una carreggiata a doppio senso;Asciutto;Asfaltata;Verticale ed orizzontale;Nuvoloso;Intenso;Buona;Ore Diurne;0;0;0;2;12.45455;41.91038;-1;2;Autovettura di polizia;In marcia / fermata / arresto;Conducente;M;Illeso;0;;Non accertato;Inesploso
2606744;12;04/12/2015 02:00;Strada Urbana;VIALE DEI CADUTI PER LA RESISTENZA;in corrispondenza;;del civico n.;720;;Veicolo in marcia contro veicolo in sosta;Rettilineo;Due carreggiate;Asciutto;Asfaltata;Verticale ed orizzontale;Nuvoloso;Scarso;Sufficiente;Sufficiente;1;0;0;0;12.43899;41.77807;-1;1;Autovettura privata;In marcia / fermata / arresto;Conducente;M;Rimandato;0;NON DECEDUTO;Non accertato;Inesploso
2606776;18;04/12/2015 10:00;Strada Urbana;PIAZZA IRNERIO;all'intersezione semaforizzata con;VIA DI BOCCEA;VIA DI BOCCEA;;;Scontro laterale fra veicoli in marcia;Intersezione semaforizzata;Due carreggiate;Asciutto;Asfaltata;Verticale ed orizzontale;Sereno;Normale;Buona;Ore Diurne;1;0;0;4;12.42942;41.89852;-1;1;Motociclo a solo;In marcia / fermata / arresto;Conducente;M;Ricoverato;0;NON DECEDUTO;Utilizzato;
2606776;18;04/12/2015 10:00;Strada Urbana;PIAZZA IRNERIO;all'intersezione semaforizzata con;VIA DI BOCCEA;VIA DI BOCCEA;;;Scontro laterale fra veicoli in marcia;Intersezione semaforizzata;Due carreggiate;Asciutto;Asfaltata;Verticale ed orizzontale;Sereno;Normale;Buona;Ore Diurne;1;0;0;4;12.42942;41.89852;-1;2;Autovettura privata;In marcia / fermata / arresto;Conducente;M;Illeso;0;;Non accertato;Inesploso
2606776;18;04/12/2015 10:00;Strada Urbana;PIAZZA IRNERIO;all'intersezione semaforizzata con;VIA DI BOCCEA;VIA DI BOCCEA;;;Scontro laterale fra veicoli in marcia;Intersezione semaforizzata;Due carreggiate;Asciutto;Asfaltata;Verticale ed orizzontale;Sereno;Normale;Buona;Ore Diurne;1;0;0;4;12.42942;41.89852;-1;2;Autovettura privata;In marcia / fermata / arresto;Passeggero;M;Illeso;0;;Non accertato;Inesploso
2606776;18;04/12/2015 10:00;Strada Urbana;PIAZZA IRNERIO;all'intersezione semaforizzata con;VIA DI BOCCEA;VIA DI BOCCEA;;;Scontro laterale fra veicoli in marcia;Intersezione semaforizzata;Due carreggiate;Asciutto;Asfaltata;Verticale ed orizzontale;Sereno;Normale;Buona;Ore Diurne;1;0;0;4;12.42942;41.89852;-1;2;Autovettura privata;In marcia / fermata / arresto;Passeggero;F;Illeso;0;;Non accertato;Inesploso
2606776;18;04/12/2015 10:00;Strada Urbana;PIAZZA IRNERIO;all'intersezione semaforizzata con;VIA DI BOCCEA;VIA DI BOCCEA;;;Scontro laterale fra veicoli in marcia;Intersezione semaforizzata;Due carreggiate;Asciutto;Asfaltata;Verticale ed orizzontale;Sereno;Normale;Buona;Ore Diurne;1;0;0;4;12.42942;41.89852;-1;2;Autovettura privata;In marcia / fermata / arresto;Passeggero;F;Illeso;0;;Non accertato;Inesploso
2606781;4;03/12/2015 14:30;Strada Urbana;VIALE PANTELLERIA;da specificare;;;;fronte civico 19/A;Veicolo in marcia contro veicolo in sosta;Rettilineo;Due carreggiate;Asciutto;Asfaltata;Orizzontale;Nuvoloso;Normale;Buona;Ore Diurne;0;0;0;2;12.52914;41.94526;-1;1;Autovettura privata;Sosta;Passeggero;F;Illeso;0;;Non accertato;Inesistente
2606781;4;03/12/2015 14:30;Strada Urbana;VIALE PANTELLERIA;da specificare;;;;fronte civico 19/A;Veicolo in marcia contro veicolo in sosta;Rettilineo;Due carreggiate;Asciutto;Asfaltata;Orizzontale;Nuvoloso;Normale;Buona;Ore Diurne;0;0;0;2;12.52914;41.94526;-1;2;Autovettura privata;In marcia / fermata / arresto;Conducente;M;Illeso;0;;Non accertato;Inesploso
2606806;4;03/12/2015 21:00;Provinciale entro l'abitato;VIA NOMENTANA NUOVA;all'intersezione con;VIA VAL D'OSSOLA;VIA VAL D'OSSOLA;;;Tamponamento;Incrocio;Una carreggiata a doppio senso;Asciutto;Asfaltata;Verticale ed orizzontale;Sereno;Normale;Sufficiente;Sufficiente;2;0;0;1;12.5307;41.93404;-1;1;Autovettura privata;In marcia / fermata / arresto;Conducente;M;Rimandato;0;NON DECEDUTO;Non accertato;Esploso
2606806;4;03/12/2015 21:00;Provinciale entro l'abitato;VIA NOMENTANA NUOVA;all'intersezione con;VIA VAL D'OSSOLA;VIA VAL D'OSSOLA;;;Tamponamento;Incrocio;Una carreggiata a doppio senso;Asciutto;Asfaltata;Verticale ed orizzontale;Sereno;Normale;Sufficiente;Sufficiente;2;0;0;1;12.5307;41.93404;-1;2;Autovettura privata;In marcia / fermata / arresto;Conducente;M;Illeso;0;;Non accertato;
2606806;4;03/12/2015 21:00;Provinciale entro l'abitato;VIA NOMENTANA NUOVA;all'intersezione con;VIA VAL D'OSSOLA;VIA VAL D'OSSOLA;;;Tamponamento;Incrocio;Una carreggiata a doppio senso;Asciutto;Asfaltata;Verticale ed orizzontale;Sereno;Normale;Sufficiente;Sufficiente;2;0;0;1;12.5307;41.93404;-1;2;Autovettura privata;In marcia / fermata / arresto;Passeggero;F;Rimandato;0;NON DECEDUTO;Non accertato;
2606830;4;03/12/2015 12:00;Statale entro l'abitato;VIA SALARIA;da specificare;;;;PROSS. VIA SAMBUCA PISTOIESE;Scontro laterale fra veicoli in marcia;Rettilineo;Due carreggiate;Asciutto;Asfaltata;Verticale ed orizzontale;Nuvoloso;Intenso;Buona;Ore Diurne;0;0;0;3;12.50624;41.96289;-1;1;Autovettura privata;In marcia / fermata / arresto;Conducente;M;Illeso;0;;Non accertato;Inesploso
2606830;4;03/12/2015 12:00;Statale entro l'abitato;VIA SALARIA;da specificare;;;;PROSS. VIA SAMBUCA PISTOIESE;Scontro laterale fra veicoli in marcia;Rettilineo;Due carreggiate;Asciutto;Asfaltata;Verticale ed orizzontale;Nuvoloso;Intenso;Buona;Ore Diurne;0;0;0;3;12.50624;41.96289;-1;2;Autocarro inferiore 35 q.;In marcia / fermata / arresto;Conducente;M;Illeso;0;;Non accertato;Inesploso
2606830;4;03/12/2015 12:00;Statale entro l'abitato;VIA SALARIA;da specificare;;;;PROSS. VIA SAMBUCA PISTOIESE;Scontro laterale fra veicoli in marcia;Rettilineo;Due carreggiate;Asciutto;Asfaltata;Verticale ed orizzontale;Nuvoloso;Intenso;Buona;Ore Diurne;0;0;0;3;12.50624;41.96289;-1;2;Autocarro inferiore 35 q.;In marcia / fermata / arresto;Passeggero;M;Illeso;0;;;
2606837;20;04/12/2015 09:00;Strada Urbana;VIA ANTONIO SERRA;in prossimità;;del civico n.;72;;Veicolo in marcia contro veicolo in sosta;Curva a visuale libera;Una carreggiata a senso unico di marcia;Asciutto;Asfaltata;Assente;Sereno;Scarso;Buona;Ore Diurne;0;0;0;1;12.47445;41.94202;-1;1;Autovettura privata;In marcia / fermata / arresto;Conducente;F;Illeso;0;;Non accertato;Inesploso
2606845;2;03/12/2015 20:00;Strada Urbana;PIAZZA UNGHERIA;all'intersezione semaforizzata con;VIALE PARIOLI;VIALE PARIOLI;;;Scontro frontale/laterale SX fra veicoli in marcia;Intersezione semaforizzata;Una carreggiata a doppio senso;Asciutto;Asfaltata;Verticale ed orizzontale;Sereno;Normale;Sufficiente;Sufficiente;1;0;0;1;12.49237;41.92261;-1;1;Motociclo a solo;In marcia / fermata / arresto;Conducente;M;Rifiuta cure immediate;0;NON DECEDUTO;;
2606845;2;03/12/2015 20:00;Strada Urbana;PIAZZA UNGHERIA;all'intersezione semaforizzata con;VIALE PARIOLI;VIALE PARIOLI;;;Scontro frontale/laterale SX fra veicoli in marcia;Intersezione semaforizzata;Una carreggiata a doppio senso;Asciutto;Asfaltata;Verticale ed orizzontale;Sereno;Normale;Sufficiente;Sufficiente;1;0;0;1;12.49237;41.92261;-1;2;Autovettura privata;In marcia / fermata / arresto;Conducente;M;Illeso;0;;;
2606862;19;04/12/2015 09:15;Strada Urbana;VIA TRIONFALE;all'intersezione con;VIA ARISTIDE GABELLI;VIA ARISTIDE GABELLI;;;Scontro frontale fra veicoli in marcia;Incrocio;Una carreggiata a doppio senso;Asciutto;Asfaltata;Verticale ed orizzontale;Sereno;Normale;Buona;Ore Diurne;2;0;0;1;12.42116;41.94165;-1;1;Autovettura privata;In marcia / fermata / arresto;Conducente;F;Rimandato;0;NON DECEDUTO;Non accertato;Esploso
2606862;19;04/12/2015 09:15;Strada Urbana;VIA TRIONFALE;all'intersezione con;VIA ARISTIDE GABELLI;VIA ARISTIDE GABELLI;;;Scontro frontale fra veicoli in marcia;Incrocio;Una carreggiata a doppio senso;Asciutto;Asfaltata;Verticale ed orizzontale;Sereno;Normale;Buona;Ore Diurne;2;0;0;1;12.42116;41.94165;-1;1;Autovettura privata;In marcia / fermata / arresto;Passeggero;F;Illeso;0;;Non accertato;Esploso
2606862;19;04/12/2015 09:15;Strada Urbana;VIA TRIONFALE;all'intersezione con;VIA ARISTIDE GABELLI;VIA ARISTIDE GABELLI;;;Scontro frontale fra veicoli in marcia;Incrocio;Una carreggiata a doppio senso;Asciutto;Asfaltata;Verticale ed orizzontale;Sereno;Normale;Buona;Ore Diurne;2;0;0;1;12.42116;41.94165;-1;2;Motociclo a solo;In marcia / fermata / arresto;Conducente;M;Rimandato;0;NON DECEDUTO;Non accertato;
2606881;4;04/12/2015 07:40;Provinciale;VIA NOMENTANA;da specificare;;;;km. 12,100;Scontro frontale/laterale SX fra veicoli in marcia;Rettilineo;Una carreggiata a doppio senso;Asciutto;Asfaltata;Verticale;Sereno;Normale;Buona;Ore Diurne;0;0;0;2;12.55238;41.94111;-1;1;Autovettura privata;In marcia / fermata / arresto;Conducente;F;Illeso;0;;Non accertato;Inesploso
2606881;4;04/12/2015 07:40;Provinciale;VIA NOMENTANA;da specificare;;;;km. 12,100;Scontro frontale/laterale SX fra veicoli in marcia;Rettilineo;Una carreggiata a doppio senso;Asciutto;Asfaltata;Verticale;Sereno;Normale;Buona;Ore Diurne;0;0;0;2;12.55238;41.94111;-1;2;Motociclo a solo;In marcia / fermata / arresto;Conducente;M;Illeso;0;;Non accertato;
2606883;4;03/12/2015 11:30;Strada Urbana;VIA NICOLA MALDACEA;in prossimità;;del civico n.;58;;Scontro frontale/laterale SX fra veicoli in marcia;Rettilineo;Una carreggiata a doppio senso;Asciutto;Asfaltata;Assente;Nuvoloso;Normale;Buona;Ore Diurne;0;0;0;1;12.51331;41.96332;-1;1;Autovettura privata;In marcia / fermata / arresto;Conducente;F;Illeso;0;;Non accertato;Inesploso
2606908;23;03/12/2015 15:40;Comunale extraurbana;VIA CRISTOFORO COLOMBO;in prossimità;;della chilometrica;24.9;;Veicolo in marcia contro ostacolo fisso;Rettilineo;Più di due carreggiate;Asciutto;Asfaltata;Verticale ed orizzontale;Sereno;Scarso;Buona;Ore Diurne;0;0;0;1;12.36911;41.75432;-1;1;Autovettura privata;In marcia / fermata / arresto;Conducente;M;Illeso;0;;Utilizzato;Esploso
2606915;17;03/12/2015 09:00;Strada Urbana;VIA CIPRO;in corrispondenza;;del civico n.;53;;Tamponamento Multiplo;Rettilineo;Due carreggiate;Asciutto;Asfaltata;Verticale ed orizzontale;Nebbia;Normale;Buona;Ore Diurne;0;0;0;3;12.44622;41.90643;-1;1;Autovettura privata;In marcia / fermata / arresto;Conducente;F;Illeso;0;;Non accertato;Inesploso
2606915;17;03/12/2015 09:00;Strada Urbana;VIA CIPRO;in corrispondenza;;del civico n.;53;;Tamponamento Multiplo;Rettilineo;Due carreggiate;Asciutto;Asfaltata;Verticale ed orizzontale;Nebbia;Normale;Buona;Ore Diurne;0;0;0;3;12.44622;41.90643;-1;2;Autovettura privata;In marcia / fermata / arresto;Conducente;F;Illeso;0;;Non accertato;Inesploso
2606915;17;03/12/2015 09:00;Strada Urbana;VIA CIPRO;in corrispondenza;;del civico n.;53;;Tamponamento Multiplo;Rettilineo;Due carreggiate;Asciutto;Asfaltata;Verticale ed orizzontale;Nebbia;Normale;Buona;Ore Diurne;0;0;0;3;12.44622;41.90643;-1;3;Autovettura privata;In marcia / fermata / arresto;Conducente;F;Illeso;0;;Non accertato;Inesploso
2606924;23;03/12/2015 11:20;Strada Urbana;CORSO DEL RINASCIMENTO;in prossimità;;del civico n.;21;;Tamponamento;Rettilineo;Una carreggiata a doppio senso;Asciutto;Lastricata;Verticale ed orizzontale;Nuvoloso;Normale;Buona;Ore Diurne;0;0;0;3;12.47394;41.89788;-1;1;Autovettura di polizia;In marcia / fermata / arresto;Conducente;F;Illeso;0;;Utilizzato;Inesploso
2606924;23;03/12/2015 11:20;Strada Urbana;CORSO DEL RINASCIMENTO;in prossimità;;del civico n.;21;;Tamponamento;Rettilineo;Una carreggiata a doppio senso;Asciutto;Lastricata;Verticale ed orizzontale;Nuvoloso;Normale;Buona;Ore Diurne;0;0;0;3;12.47394;41.89788;-1;1;Autovettura di polizia;In marcia / fermata / arresto;Passeggero;M;Illeso;0;;Utilizzato;Inesploso
2606924;23;03/12/2015 11:20;Strada Urbana;CORSO DEL RINASCIMENTO;in prossimità;;del civico n.;21;;Tamponamento;Rettilineo;Una carreggiata a doppio senso;Asciutto;Lastricata;Verticale ed orizzontale;Nuvoloso;Normale;Buona;Ore Diurne;0;0;0;3;12.47394;41.89788;-1;2;Motociclo a solo;In marcia / fermata / arresto;Conducente;M;Illeso;0;;Utilizzato;
2606982;2;04/12/2015 10:00;Strada Urbana;VIA GIULIO GAUDINI;in prossimità;;del civico n.;fr.1;;Scontro laterale fra veicoli in marcia;Rettilineo;Una carreggiata a doppio senso;Asciutto;Asfaltata;Verticale ed orizzontale;Sereno;Normale;Buona;Ore Diurne;1;0;0;2;12.49637;41.90278;-1;1;Autovettura privata;In marcia / fermata / arresto;Conducente;M;Illeso;0;;Non accertato;Inesploso
2606982;2;04/12/2015 10:00;Strada Urbana;VIA GIULIO GAUDINI;in prossimità;;del civico n.;fr.1;;Scontro laterale fra veicoli in marcia;Rettilineo;Una carreggiata a doppio senso;Asciutto;Asfaltata;Verticale ed orizzontale;Sereno;Normale;Buona;Ore Diurne;1;0;0;2;12.49637;41.90278;-1;1;Autovettura privata;In marcia / fermata / arresto;Passeggero;M;Illeso;0;;Non accertato;Inesploso
2606982;2;04/12/2015 10:00;Strada Urbana;VIA GIULIO GAUDINI;in prossimità;;del civico n.;fr.1;;Scontro laterale fra veicoli in marcia;Rettilineo;Una carreggiata a doppio senso;Asciutto;Asfaltata;Verticale ed orizzontale;Sereno;Normale;Buona;Ore Diurne;1;0;0;2;12.49637;41.90278;-1;2;Motociclo a solo;In marcia / fermata / arresto;Conducente;M;Rifiuta cure immediate;0;NON DECEDUTO;Non accertato;
2606993;18;04/12/2015 11:50;Strada Urbana;VIA TEMISTOCLE CALISTI;all'intersezione con;VIA FRANCESCO AZZURRI;VIA FRANCESCO AZZURRI;;;Scontro frontale/laterale SX fra veicoli in marcia;Intersezione stradale segnalata;Una carreggiata a senso unico di marcia;Asciutto;Asfaltata;Verticale ed orizzontale;Sereno;Normale;Buona;Ore Diurne;2;0;0;0;12.39195;41.90713;-1;1;Autovettura privata;In marcia / fermata / arresto;Conducente;F;Rimandato;0;NON DECEDUTO;Non accertato;Inesistente
2606993;18;04/12/2015 11:50;Strada Urbana;VIA TEMISTOCLE CALISTI;all'intersezione con;VIA FRANCESCO AZZURRI;VIA FRANCESCO AZZURRI;;;Scontro frontale/laterale SX fra veicoli in marcia;Intersezione stradale segnalata;Una carreggiata a senso unico di marcia;Asciutto;Asfaltata;Verticale ed orizzontale;Sereno;Normale;Buona;Ore Diurne;2;0;0;0;12.39195;41.90713;-1;2;Autovettura privata;In marcia / fermata / arresto;Conducente;M;Rimandato;0;NON DECEDUTO;Non accertato;Esploso
2607022;2;04/12/2015 11:15;Strada Urbana;PIAZZA APOLLODORO;in prossimità;;del civico n.;fr.26;;Scontro laterale fra veicoli in marcia;Rettilineo;Una carreggiata a doppio senso;Asciutto;Asfaltata;Verticale ed orizzontale;Sereno;Normale;Buona;Ore Diurne;0;0;0;2;12.46936;41.92872;-1;1;Autocarro inferiore 35 q.;In marcia / fermata / arresto;Conducente;M;Illeso;0;;Non accertato;Inesploso
2607022;2;04/12/2015 11:15;Strada Urbana;PIAZZA APOLLODORO;in prossimità;;del civico n.;fr.26;;Scontro laterale fra veicoli in marcia;Rettilineo;Una carreggiata a doppio senso;Asciutto;Asfaltata;Verticale ed orizzontale;Sereno;Normale;Buona;Ore Diurne;0;0;0;2;12.46936;41.92872;-1;2;Autovettura privata;In marcia / fermata / arresto;Conducente;F;Illeso;0;;Non accertato;Inesploso
2607026;9;04/12/2015 13:00;Strada Urbana;VIA PAOLO PARUTA;in prossimità;;del civico n.;1;;Investimento di pedone;Rettilineo;Una carreggiata a doppio senso;Asciutto;Asfaltata;Assente;Sereno;Scarso;Buona;Ore Diurne;1;0;0;1;12.52015;41.87566;-1;;;;Pedone;F;Rimandato;0;NON DECEDUTO;;
2607026;9;04/12/2015 13:00;Strada Urbana;VIA PAOLO PARUTA;in prossimità;;del civico n.;1;;Investimento di pedone;Rettilineo;Una carreggiata a doppio senso;Asciutto;Asfaltata;Assente;Sereno;Scarso;Buona;Ore Diurne;1;0;0;1;12.52015;41.87566;-1;1;Autovettura privata;In marcia / fermata / arresto;Conducente;M;Illeso;0;;Non accertato;Inesploso
2607081;20;04/12/2015 13:30;Regionale;VIA FLAMINIA;da specificare;;;;altezza uscita via Grottarossa/Sant'Andrea;Tamponamento Multiplo;Rettilineo;Due carreggiate;Asciutto;Asfaltata;Verticale ed orizzontale;Sereno;Intenso;Buona;Ore Diurne;2;0;0;4;12.49291;41.97507;-1;1;Autovettura privata;In marcia / fermata / arresto;Conducente;M;Rifiuta cure immediate;0;NON DECEDUTO;Non accertato;Inesistente
2607081;20;04/12/2015 13:30;Regionale;VIA FLAMINIA;da specificare;;;;altezza uscita via Grottarossa/Sant'Andrea;Tamponamento Multiplo;Rettilineo;Due carreggiate;Asciutto;Asfaltata;Verticale ed orizzontale;Sereno;Intenso;Buona;Ore Diurne;2;0;0;4;12.49291;41.97507;-1;1;Autovettura privata;In marcia / fermata / arresto;Passeggero;F;Rimandato;0;NON DECEDUTO;Non accertato;
2607081;20;04/12/2015 13:30;Regionale;VIA FLAMINIA;da specificare;;;;altezza uscita via Grottarossa/Sant'Andrea;Tamponamento Multiplo;Rettilineo;Due carreggiate;Asciutto;Asfaltata;Verticale ed orizzontale;Sereno;Intenso;Buona;Ore Diurne;2;0;0;4;12.49291;41.97507;-1;2;Autovettura privata;In marcia / fermata / arresto;Conducente;M;Illeso;0;;Non accertato;Esploso
2607081;20;04/12/2015 13:30;Regionale;VIA FLAMINIA;da specificare;;;;altezza uscita via Grottarossa/Sant'Andrea;Tamponamento Multiplo;Rettilineo;Due carreggiate;Asciutto;Asfaltata;Verticale ed orizzontale;Sereno;Intenso;Buona;Ore Diurne;2;0;0;4;12.49291;41.97507;-1;3;Autovettura privata;In marcia / fermata / arresto;Passeggero;F;Illeso;0;;;
2607081;20;04/12/2015 13:30;Regionale;VIA FLAMINIA;da specificare;;;;altezza uscita via Grottarossa/Sant'Andrea;Tamponamento Multiplo;Rettilineo;Due carreggiate;Asciutto;Asfaltata;Verticale ed orizzontale;Sereno;Intenso;Buona;Ore Diurne;2;0;0;4;12.49291;41.97507;-1;3;Autovettura privata;In marcia / fermata / arresto;Conducente;F;Illeso;0;;;
2607081;20;04/12/2015 13:30;Regionale;VIA FLAMINIA;da specificare;;;;altezza uscita via Grottarossa/Sant'Andrea;Tamponamento Multiplo;Rettilineo;Due carreggiate;Asciutto;Asfaltata;Verticale ed orizzontale;Sereno;Intenso;Buona;Ore Diurne;2;0;0;4;12.49291;41.97507;-1;3;Autovettura privata;In marcia / fermata / arresto;Passeggero;F;Illeso;0;;;