Protocollo;Gruppo;DataOraIncidente;Localizzazione1;STRADA1;Localizzazione2;STRADA2;Strada02;Chilometrica;DaSpecificare;NaturaIncidente;particolaritastrade;TipoStrada;FondoStradale;Pavimentazione;Segnaletica;CondizioneAtmosferica;Traffico;Visibilita;Illuminazione;NUM_FERITI;NUM_RISERVATA;NUM_MORTI;NUM_ILLESI;Longitudine;Latitudine;Confermato;Progressivo;TipoVeicolo;StatoVeicolo;TipoPersona;Sesso;Tipolesione;Deceduto;DecedutoDopo;CinturaCascoUtilizzato;Airbag
2617019;1;11/12/2015 10:35;Strada Urbana;VIA EMANUELE FILIBERTO;in prossimità;;del civico n.;261;;Scontro laterale fra veicoli in marcia;Rettilineo;Una carreggiata a doppio senso;Asciutto;Asfaltata;Verticale ed orizzontale;Sereno;Normale;Buona;Ore Diurne;0;0;0;3;12.50754;41.88867;-1;1;Autovettura privata;In marcia / fermata / arresto;Conducente;F;Illeso;0;;Non accertato;Inesploso
2617019;1;11/12/2015 10:35;Strada Urbana;VIA EMANUELE FILIBERTO;in prossimità;;del civico n.;261;;Scontro laterale fra veicoli in marcia;Rettilineo;Una carreggiata a doppio senso;Asciutto;Asfaltata;Verticale ed orizzontale;Sereno;Normale;Buona;Ore Diurne;0;0;0;3;12.50754;41.88867;-1;1;Autovettura privata;In marcia / fermata / arresto;Passeggero;F;Illeso;0;;Non accertato;Inesploso
2617019;1;11/12/2015 10:35;Strada Urbana;VIA EMANUELE FILIBERTO;in prossimità;;del civico n.;261;;Scontro laterale fra veicoli in marcia;Rettilineo;Una carreggiata a doppio senso;Asciutto;Asfaltata;Verticale ed orizzontale;Sereno;Normale;Buona;Ore Diurne;0;0;0;3;12.50754;41.88867;-1;2;Macchina operatrice;In marcia / fermata / arresto;Conducente;M;Illeso;0;;Non accertato;
2617026;1;11/12/2015 09:00;Strada Urbana;PIAZZA VENEZIA;in corrispondenza;;del civico n.;5;;Scontro frontale/laterale DX fra veicoli in marcia;Rettilineo;Una carreggiata a doppio senso;Sdrucciolevole (sabbia);In cubetti di porfido;Verticale ed orizzontale;Sereno;Intenso;Buona;Ore Diurne;1;0;0;1;12.48263;41.8965;-1;1;Motociclo a solo;In marcia / fermata / arresto;Conducente;F;Rifiuta cure immediate;0;NON DECEDUTO;Non accertato;
2617026;1;11/12/2015 09:00;Strada Urbana;PIAZZA VENEZIA;in corrispondenza;;del civico n.;5;;Scontro frontale/laterale DX fra veicoli in marcia;Rettilineo;Una carreggiata a doppio senso;Sdrucciolevole (sabbia);In cubetti di porfido;Verticale ed orizzontale;Sereno;Intenso;Buona;Ore Diurne;1;0;0;1;12.48263;41.8965;-1;2;Autovettura privata;In marcia / fermata / arresto;Conducente;M;Illeso;0;;Non accertato;Inesploso
2617065;6;12/12/2015 21:00;Strada Urbana;LARGO PRENESTE;all'intersezione semaforizzata con;VIA PRENESTINA;VIA PRENESTINA;;;Scontro frontale/laterale SX fra veicoli in marcia;Intersezione semaforizzata;Più di due carreggiate;Asciutto;Asfaltata;Verticale ed orizzontale;Sereno;Normale;Buona;Sufficiente;0;0;0;3;12.5419;41.8927;-1;1;Vettura tranviaria;In marcia / fermata / arresto;Conducente;M;Illeso;0;;Esente;
2617065;6;12/12/2015 21:00;Strada Urbana;LARGO PRENESTE;all'intersezione semaforizzata con;VIA PRENESTINA;VIA PRENESTINA;;;Scontro frontale/laterale SX fra veicoli in marcia;Intersezione semaforizzata;Più di due carreggiate;Asciutto;Asfaltata;Verticale ed orizzontale;Sereno;Normale;Buona;Sufficiente;0;0;0;3;12.5419;41.8927;-1;2;Autovettura privata;In marcia / fermata / arresto;Conducente;M;Illeso;0;;Non accertato;Inesploso
2617065;6;12/12/2015 21:00;Strada Urbana;LARGO PRENESTE;all'intersezione semaforizzata con;VIA PRENESTINA;VIA PRENESTINA;;;Scontro frontale/laterale SX fra veicoli in marcia;Intersezione semaforizzata;Più di due carreggiate;Asciutto;Asfaltata;Verticale ed orizzontale;Sereno;Normale;Buona;Sufficiente;0;0;0;3;12.5419;41.8927;-1;2;Autovettura privata;In marcia / fermata / arresto;Passeggero;F;Illeso;0;;;
2617266;9;11/12/2015 23:15;Strada Urbana;VIA TERNI;all'intersezione con;VIA FOLIGNO;VIA FOLIGNO;;;Scontro frontale/laterale DX fra veicoli in marcia;Incrocio;Due carreggiate;Asciutto;Asfaltata;Verticale ed orizzontale;Sereno;Scarso;Buona;Sufficiente;1;0;0;2;12.51873;41.88518;-1;1;Autovettura privata;In marcia / fermata / arresto;Conducente;M;Illeso;0;;Non accertato;Inesploso
2617266;9;11/12/2015 23:15;Strada Urbana;VIA TERNI;all'intersezione con;VIA FOLIGNO;VIA FOLIGNO;;;Scontro frontale/laterale DX fra veicoli in marcia;Incrocio;Due carreggiate;Asciutto;Asfaltata;Verticale ed orizzontale;Sereno;Scarso;Buona;Sufficiente;1;0;0;2;12.51873;41.88518;-1;2;Autovettura privata;In marcia / fermata / arresto;Conducente;M;Illeso;0;;Non accertato;Inesploso
2617266;9;11/12/2015 23:15;Strada Urbana;VIA TERNI;all'intersezione con;VIA FOLIGNO;VIA FOLIGNO;;;Scontro frontale/laterale DX fra veicoli in marcia;Incrocio;Due carreggiate;Asciutto;Asfaltata;Verticale ed orizzontale;Sereno;Scarso;Buona;Sufficiente;1;0;0;2;12.51873;41.88518;-1;2;Autovettura privata;In marcia / fermata / arresto;Passeggero;F;Rimandato;0;NON DECEDUTO;Utilizzato;Inesploso
2617274;9;12/12/2015 03:20;Strada Urbana;VIA DI ROCCA CENCIA;in prossimità;;del civico n.;177;;Scontro frontale/laterale SX fra veicoli in marcia;Rettilineo;Una carreggiata a doppio senso;Asciutto;Asfaltata;Verticale ed orizzontale;Sereno;Scarso;Buona;Sufficiente;1;0;0;1;12.69513;41.88232;-1;1;Autovettura privata;In marcia / fermata / arresto;Conducente;M;Illeso;0;;Non accertato;Inesploso
2617274;9;12/12/2015 03:20;Strada Urbana;VIA DI ROCCA CENCIA;in prossimità;;del civico n.;177;;Scontro frontale/laterale SX fra veicoli in marcia;Rettilineo;Una carreggiata a doppio senso;Asciutto;Asfaltata;Verticale ed orizzontale;Sereno;Scarso;Buona;Sufficiente;1;0;0;1;12.69513;41.88232;-1;2;Autovettura privata;In marcia / fermata / arresto;Conducente;M;Rimandato;0;NON DECEDUTO;Non accertato;Esploso
2617290;9;12/12/2015 16:15;Strada Urbana;PIAZZA RAGUSA;da specificare;;;;fronte civico 13;Scontro frontale/laterale DX fra veicoli in marcia;Rotatoria;Una carreggiata a senso unico di marcia;Asciutto;Asfaltata;Verticale ed orizzontale;Sereno;Normale;Buona;Ore Diurne;1;0;0;2;12.52305;41.88123;-1;1;Autovettura privata;In marcia / fermata / arresto;Conducente;F;Illeso;0;;Non accertato;Inesploso
2617290;9;12/12/2015 16:15;Strada Urbana;PIAZZA RAGUSA;da specificare;;;;fronte civico 13;Scontro frontale/laterale DX fra veicoli in marcia;Rotatoria;Una carreggiata a senso unico di marcia;Asciutto;Asfaltata;Verticale ed orizzontale;Sereno;Normale;Buona;Ore Diurne;1;0;0;2;12.52305;41.88123;-1;1;Autovettura privata;In marcia / fermata / arresto;Passeggero;F;Illeso;0;;Non accertato;Inesploso
2617290;9;12/12/2015 16:15;Strada Urbana;PIAZZA RAGUSA;da specificare;;;;fronte civico 13;Scontro frontale/laterale DX fra veicoli in marcia;Rotatoria;Una carreggiata a senso unico di marcia;Asciutto;Asfaltata;Verticale ed orizzontale;Sereno;Normale;Buona;Ore Diurne;1;0;0;2;12.52305;41.88123;-1;2;Motociclo a solo;In marcia / fermata / arresto;Conducente;F;Rimandato;0;NON DECEDUTO;Non accertato;
2617291;8;12/12/2015 18:45;Strada Urbana;VIA DEL PONTE DI NONA;in prossimità;;del civico n.;81;;Veicolo in marcia contro ostacolo accidentale;Rettilineo;Una carreggiata a doppio senso;Asciutto;Con buche;Verticale ed orizzontale;Sereno;Normale;Buona;Sufficiente;0;0;0;3;12.66686;41.89119;-1;1;Autovettura privata;In marcia / fermata / arresto;Passeggero;M;Illeso;0;;Non accertato;Inesploso
2617291;8;12/12/2015 18:45;Strada Urbana;VIA DEL PONTE DI NONA;in prossimità;;del civico n.;81;;Veicolo in marcia contro ostacolo accidentale;Rettilineo;Una carreggiata a doppio senso;Asciutto;Con buche;Verticale ed orizzontale;Sereno;Normale;Buona;Sufficiente;0;0;0;3;12.66686;41.89119;-1;1;Autovettura privata;In marcia / fermata / arresto;Conducente;M;Illeso;0;;Non accertato;Inesploso
2617291;8;12/12/2015 18:45;Strada Urbana;VIA DEL PONTE DI NONA;in prossimità;;del civico n.;81;;Veicolo in marcia contro ostacolo accidentale;Rettilineo;Una carreggiata a doppio senso;Asciutto;Con buche;Verticale ed orizzontale;Sereno;Normale;Buona;Sufficiente;0;0;0;3;12.66686;41.89119;-1;1;Autovettura privata;In marcia / fermata / arresto;Passeggero;F;Illeso;0;;Non accertato;Inesploso
2617294;8;12/12/2015 14:30;Strada Urbana;VIA COLLATINA;in prossimità;;del palo luce n.;556;;Scontro frontale/laterale SX fra veicoli in marcia;Curva a visuale libera;Una carreggiata a doppio senso;Asciutto;Asfaltata;Orizzontale;Sereno;Intenso;Buona;Ore Diurne;1;0;0;1;12.62828;41.90884;-1;1;Autovettura privata;In marcia / fermata / arresto;Conducente;M;Illeso;0;;Non accertato;Inesploso
2617294;8;12/12/2015 14:30;Strada Urbana;VIA COLLATINA;in prossimità;;del palo luce n.;556;;Scontro frontale/laterale SX fra veicoli in marcia;Curva a visuale libera;Una carreggiata a doppio senso;Asciutto;Asfaltata;Orizzontale;Sereno;Intenso;Buona;Ore Diurne;1;0;0;1;12.62828;41.90884;-1;2;Motociclo a solo;In marcia / fermata / arresto;Conducente;M;Rimandato;0;NON DECEDUTO;Non accertato;
2617295;8;12/12/2015 08:30;Statale;VIA PRENESTINA;in prossimità;;del civico n.;1147 b;;Scontro frontale/laterale SX fra veicoli in marcia;Rettilineo;Una carreggiata a doppio senso;Asciutto;Asfaltata;Verticale;Sereno;Intenso;Buona;Ore Diurne;1;0;0;1;12.62502;41.89281;-1;1;Autovettura privata;In marcia / fermata / arresto;Conducente;M;Rimandato;0;NON DECEDUTO;Non accertato;
2617295;8;12/12/2015 08:30;Statale;VIA PRENESTINA;in prossimità;;del civico n.;1147 b;;Scontro frontale/laterale SX fra veicoli in marcia;Rettilineo;Una carreggiata a doppio senso;Asciutto;Asfaltata;Verticale;Sereno;Intenso;Buona;Ore Diurne;1;0;0;1;12.62502;41.89281;-1;2;Autovettura privata;In marcia / fermata / arresto;Conducente;M;Illeso;0;;Non accertato;Inesploso
2617300;8;12/12/2015 12:00;Strada Urbana;VIA SAN BIAGIO PLATANI;in prossimità;;del civico n.;285;;Scontro frontale/laterale DX fra veicoli in marcia;Rettilineo;Una carreggiata a doppio senso;Asciutto;Asfaltata;Verticale ed orizzontale;Sereno;Normale;Buona;Ore Diurne;1;0;0;1;12.6456;41.87386;-1;1;Autovettura privata;In marcia / fermata / arresto;Conducente;M;Rifiuta cure immediate;0;NON DECEDUTO;Non accertato;Inesploso
2617300;8;12/12/2015 12:00;Strada Urbana;VIA SAN BIAGIO PLATANI;in prossimità;;del civico n.;285;;Scontro frontale/laterale DX fra veicoli in marcia;Rettilineo;Una carreggiata a doppio senso;Asciutto;Asfaltata;Verticale ed orizzontale;Sereno;Normale;Buona;Ore Diurne;1;0;0;1;12.6456;41.87386;-1;2;Ciclomotore con passeggero;In marcia / fermata / arresto;Conducente;M;Illeso;0;;Non accertato;
2617301;6;12/12/2015 08:40;Strada Urbana;VIA CIRO DA URBINO;in prossimità;;del civico n.;61;;Veicolo in marcia contro veicolo fermo;Rettilineo;Una carreggiata a senso unico di marcia;Asciutto;Asfaltata;Assente;Sereno;Scarso;Sufficiente;Ore Diurne;0;0;0;3;12.53932;41.87819;-1;1;Autocarro inferiore 35 q.;In marcia / fermata / arresto;Conducente;M;Illeso;0;;Non accertato;
2617301;6;12/12/2015 08:40;Strada Urbana;VIA CIRO DA URBINO;in prossimità;;del civico n.;61;;Veicolo in marcia contro veicolo fermo;Rettilineo;Una carreggiata a senso unico di marcia;Asciutto;Asfaltata;Assente;Sereno;Scarso;Sufficiente;Ore Diurne;0;0;0;3;12.53932;41.87819;-1;2;Autovettura privata;In marcia / fermata / arresto;Conducente;F;Illeso;0;;Non accertato;
2617301;6;12/12/2015 08:40;Strada Urbana;VIA CIRO DA URBINO;in prossimità;;del civico n.;61;;Veicolo in marcia contro veicolo fermo;Rettilineo;Una carreggiata a senso unico di marcia;Asciutto;Asfaltata;Assente;Sereno;Scarso;Sufficiente;Ore Diurne;0;0;0;3;12.53932;41.87819;-1;2;Autovettura privata;In marcia / fermata / arresto;Passeggero;F;Illeso;0;;Utilizzato;
2617306;9;12/12/2015 21:40;Strada Urbana;VIA TUSCOLANA;in corrispondenza;;del civico n.;822;;Tamponamento Multiplo;Rettilineo;Due carreggiate;Asciutto;Asfaltata;Verticale ed orizzontale;Sereno;Normale;Buona;Sufficiente;1;0;0;2;12.54868;41.86346;-1;1;Motociclo a solo;In marcia / fermata / arresto;Conducente;M;Rimandato;0;NON DECEDUTO;Non accertato;
2617306;9;12/12/2015 21:40;Strada Urbana;VIA TUSCOLANA;in corrispondenza;;del civico n.;822;;Tamponamento Multiplo;Rettilineo;Due carreggiate;Asciutto;Asfaltata;Verticale ed orizzontale;Sereno;Normale;Buona;Sufficiente;1;0;0;2;12.54868;41.86346;-1;2;Autovettura privata;In marcia / fermata / arresto;Conducente;F;Illeso;0;;Non accertato;Inesploso
2617306;9;12/12/2015 21:40;Strada Urbana;VIA TUSCOLANA;in corrispondenza;;del civico n.;822;;Tamponamento Multiplo;Rettilineo;Due carreggiate;Asciutto;Asfaltata;Verticale ed orizzontale;Sereno;Normale;Buona;Sufficiente;1;0;0;2;12.54868;41.86346;-1;3;Autovettura privata;In marcia / fermata / arresto;Conducente;M;Illeso;0;;Non accertato;Inesploso
2617309;20;12/12/2015 19:20;Strada Urbana;PIAZZA DEI GIUOCHI DELFICI;all'intersezione con;VIA CASSIA;VIA CASSIA;;;Veicolo in marcia contro veicolo fermo;Incrocio;Una carreggiata a senso unico di marcia;Asciutto;Asfaltata;Verticale ed orizzontale;Sereno;Normale;Sufficiente;Sufficiente;0;0;0;2;12.46301;41.94823;-1;1;Autovettura privata;In marcia / fermata / arresto;Conducente;M;Illeso;0;;Non accertato;Inesploso
2617309;20;12/12/2015 19:20;Strada Urbana;PIAZZA DEI GIUOCHI DELFICI;all'intersezione con;VIA CASSIA;VIA CASSIA;;;Veicolo in marcia contro veicolo fermo;Incrocio;Una carreggiata a senso unico di marcia;Asciutto;Asfaltata;Verticale ed orizzontale;Sereno;Normale;Sufficiente;Sufficiente;0;0;0;2;12.46301;41.94823;-1;2;Motociclo a solo;In marcia / fermata / arresto;Conducente;M;Illeso;0;;;
2617318;8;12/12/2015 07:10;Strada Urbana;VIA DI FONTANA CANDIDA;in prossimità;;del civico n.;77;;Veicolo in marcia contro ostacolo accidentale;Rettilineo;Una carreggiata a doppio senso;Asciutto;Asfaltata;Verticale;Sereno;Scarso;Buona;Ore Diurne;0;0;0;1;12.69022;41.85808;-1;1;Autovettura privata;In marcia / fermata / arresto;Conducente;M;Illeso;0;;Non accertato;Inesploso
2617320;12;11/12/2015 14:05;Strada Urbana;VIA DI DECIMA;da specificare;;;;dir.ne via Ostiense, alt. via Calcutta;Tamponamento;Rettilineo;Una carreggiata a doppio senso;Bagnato (umidità in atto);Asfaltata;Verticale ed orizzontale;Sereno;Normale;Buona;Ore Diurne;1;0;0;1;12.45187;41.81468;-1;1;Autovettura privata;In marcia / fermata / arresto;Conducente;F;Illeso;0;;Utilizzato;Inesploso
2617320;12;11/12/2015 14:05;Strada Urbana;VIA DI DECIMA;da specificare;;;;dir.ne via Ostiense, alt. via Calcutta;Tamponamento;Rettilineo;Una carreggiata a doppio senso;Bagnato (umidità in atto);Asfaltata;Verticale ed orizzontale;Sereno;Normale;Buona;Ore Diurne;1;0;0;1;12.45187;41.81468;-1;2;Ciclomotore;In marcia / fermata / arresto;Conducente;F;Rimandato;0;NON DECEDUTO;Utilizzato;
2617325;6;12/12/2015 19:00;Strada Urbana;PIAZZALE PRENESTINO;all'intersezione con;VIA PRENESTINA;VIA PRENESTINA;;;Scontro laterale fra veicoli in marcia;Incrocio;Più di due carreggiate;Asciutto;Asfaltata;Verticale ed orizzontale;Sereno;Normale;Buona;Sufficiente;0;0;0;4;12.52649;41.8909;-1;1;Autovettura privata;In marcia / fermata / arresto;Conducente;F;Illeso;0;;Non accertato;Inesploso
2617325;6;12/12/2015 19:00;Strada Urbana;PIAZZALE PRENESTINO;all'intersezione con;VIA PRENESTINA;VIA PRENESTINA;;;Scontro laterale fra veicoli in marcia;Incrocio;Più di due carreggiate;Asciutto;Asfaltata;Verticale ed orizzontale;Sereno;Normale;Buona;Sufficiente;0;0;0;4;12.52649;41.8909;-1;2;Autovettura privata;In marcia / fermata / arresto;Conducente;M;Illeso;0;;Non accertato;Inesploso
2617325;6;12/12/2015 19:00;Strada Urbana;PIAZZALE PRENESTINO;all'intersezione con;VIA PRENESTINA;VIA PRENESTINA;;;Scontro laterale fra veicoli in marcia;Incrocio;Più di due carreggiate;Asciutto;Asfaltata;Verticale ed orizzontale;Sereno;Normale;Buona;Sufficiente;0;0;0;4;12.52649;41.8909;-1;2;Autovettura privata;In marcia / fermata / arresto;Passeggero;F;Illeso;0;;Non accertato;Inesploso
2617325;6;12/12/2015 19:00;Strada Urbana;PIAZZALE PRENESTINO;all'intersezione con;VIA PRENESTINA;VIA PRENESTINA;;;Scontro laterale fra veicoli in marcia;Incrocio;Più di due carreggiate;Asciutto;Asfaltata;Verticale ed orizzontale;Sereno;Normale;Buona;Sufficiente;0;0;0;4;12.52649;41.8909;-1;2;Autovettura privata;In marcia / fermata / arresto;Passeggero;F;Illeso;0;;Non accertato;Inesploso
2617327;7;12/12/2015 05:45;Strada Urbana;VIA SANTI ROMANO;all'intersezione semaforizzata con;VIALE PALMIRO TOGLIATTI;VIALE PALMIRO TOGLIATTI;;;Scontro frontale/laterale SX fra veicoli in marcia;Incrocio;Una carreggiata a doppio senso;Asciutto;Asfaltata;Assente;Sereno;Normale;Buona;Ore Diurne;3;0;0;1;12.56885;41.86243;-1;1;Autovettura privata;In marcia / fermata / arresto;Conducente;M;Rimandato;0;NON DECEDUTO;Non accertato;Inesploso
2617327;7;12/12/2015 05:45;Strada Urbana;VIA SANTI ROMANO;all'intersezione semaforizzata con;VIALE PALMIRO TOGLIATTI;VIALE PALMIRO TOGLIATTI;;;Scontro frontale/laterale SX fra veicoli in marcia;Incrocio;Una carreggiata a doppio senso;Asciutto;Asfaltata;Assente;Sereno;Normale;Buona;Ore Diurne;3;0;0;1;12.56885;41.86243;-1;2;Autovettura privata;In marcia / fermata / arresto;Conducente;M;Rimandato;0;NON DECEDUTO;Non accertato;Inesploso
2617327;7;12/12/2015 05:45;Strada Urbana;VIA SANTI ROMANO;all'intersezione semaforizzata con;VIALE PALMIRO TOGLIATTI;VIALE PALMIRO TOGLIATTI;;;Scontro frontale/laterale SX fra veicoli in marcia;Incrocio;Una carreggiata a doppio senso;Asciutto;Asfaltata;Assente;Sereno;Normale;Buona;Ore Diurne;3;0;0;1;12.56885;41.86243;-1;2;Autovettura privata;In marcia / fermata / arresto;Passeggero;M;Rimandato;0;NON DECEDUTO;Non accertato;Inesploso
2617327;7;12/12/2015 05:45;Strada Urbana;VIA SANTI ROMANO;all'intersezione semaforizzata con;VIALE PALMIRO TOGLIATTI;VIALE PALMIRO TOGLIATTI;;;Scontro frontale/laterale SX fra veicoli in marcia;Incrocio;Una carreggiata a doppio senso;Asciutto;Asfaltata;Assente;Sereno;Normale;Buona;Ore Diurne;3;0;0;1;12.56885;41.86243;-1;3;Autovettura privata;In marcia / fermata / arresto;Conducente;M;Illeso;0;;;
2617328;9;13/12/2015 00:20;Strada Urbana;VIA BRITANNIA;in prossimità;;del civico n.;16;;Infortunio per sola frenata improvvisa;Rettilineo;Una carreggiata a doppio senso;Asciutto;Asfaltata;Verticale ed orizzontale;Sereno;Scarso;Buona;Sufficiente;1;0;0;2;12.50802;41.87966;-1;1;Autovettura privata;In marcia / fermata / arresto;Conducente;M;Illeso;0;;Non accertato;Inesploso
2617328;9;13/12/2015 00:20;Strada Urbana;VIA BRITANNIA;in prossimità;;del civico n.;16;;Infortunio per sola frenata improvvisa;Rettilineo;Una carreggiata a doppio senso;Asciutto;Asfaltata;Verticale ed orizzontale;Sereno;Scarso;Buona;Sufficiente;1;0;0;2;12.50802;41.87966;-1;1;Autovettura privata;In marcia / fermata / arresto;Passeggero;F;Illeso;0;;Non accertato;Inesploso
2617328;9;13/12/2015 00:20;Strada Urbana;VIA BRITANNIA;in prossimità;;del civico n.;16;;Infortunio per sola frenata improvvisa;Rettilineo;Una carreggiata a doppio senso;Asciutto;Asfaltata;Verticale ed orizzontale;Sereno;Scarso;Buona;Sufficiente;1;0;0;2;12.50802;41.87966;-1;2;Motociclo a solo;In marcia / fermata / arresto;Conducente;M;Rimandato;0;NON DECEDUTO;Non accertato;
2617339;8;12/12/2015 07:45;Strada Urbana;VIA DI TORRENOVA;in prossimità;;del civico n.;167;;Veicolo in marcia contro ostacolo accidentale;Rettilineo;Una carreggiata a doppio senso;Asciutto;Asfaltata;Verticale ed orizzontale;Sereno;Normale;Sufficiente;Ore Diurne;0;0;0;2;12.61925;41.87532;-1;1;Motociclo a solo;In marcia / fermata / arresto;Conducente;M;Illeso;0;;Non accertato;
2617339;8;12/12/2015 07:45;Strada Urbana;VIA DI TORRENOVA;in prossimità;;del civico n.;167;;Veicolo in marcia contro ostacolo accidentale;Rettilineo;Una carreggiata a doppio senso;Asciutto;Asfaltata;Verticale ed orizzontale;Sereno;Normale;Sufficiente;Ore Diurne;0;0;0;2;12.61925;41.87532;-1;1;Motociclo a solo;In marcia / fermata / arresto;Passeggero;F;Illeso;0;;Non accertato;
2617344;12;11/12/2015 14:30;Provinciale entro l'abitato;VIA LAURENTINA;all'intersezione con;VIA DELLA SIERRA NEVADA;VIA DELLA SIERRA NEVADA;;;Infortunio per sola frenata improvvisa;Incrocio;Due carreggiate;Asciutto;Asfaltata;Verticale ed orizzontale;Sereno;Normale;Buona;Sufficiente;1;0;0;1;12.47929;41.82365;-1;1;Motociclo a solo;In marcia / fermata / arresto;Conducente;F;Rimandato;0;NON DECEDUTO;Utilizzato;
2617344;12;11/12/2015 14:30;Provinciale entro l'abitato;VIA LAURENTINA;all'intersezione con;VIA DELLA SIERRA NEVADA;VIA DELLA SIERRA NEVADA;;;Infortunio per sola frenata improvvisa;Incrocio;Due carreggiate;Asciutto;Asfaltata;Verticale ed orizzontale;Sereno;Normale;Buona;Sufficiente;1;0;0;1;12.47929;41.82365;-1;2;Autovettura privata;In marcia / fermata / arresto;Conducente;M;Illeso;0;;Non accertato;Inesistente
2617346;13;12/12/2015 21:45;Strada Urbana;VIA TANCREDI CHIARALUCE;da specificare;;;;fronte lampione 35;Veicolo in marcia contro ostacolo fisso;Curva a visuale libera;Una carreggiata a doppio senso;Asciutto;Asfaltata;Assente;Sereno;Normale;Sufficiente;Sufficiente;1;0;0;0;12.26895;41.74647;-1;1;Autovettura privata;In marcia / fermata / arresto;Conducente;F;Rimandato;0;NON DECEDUTO;Non accertato;Inesploso
2617347;9;13/12/2015 05:20;Strada Urbana;VIA DERUTA;da specificare;;;;fronte civico 21;Veicolo in marcia contro veicoli in sosta;Rettilineo;Una carreggiata a doppio senso;Asciutto;Asfaltata;Verticale ed orizzontale;Sereno;Scarso;Buona;Sufficiente;0;0;0;2;12.5334;41.87575;-1;1;Autovettura privata;In marcia / fermata / arresto;Conducente;M;Illeso;0;;Non accertato;Inesploso
2617347;9;13/12/2015 05:20;Strada Urbana;VIA DERUTA;da specificare;;;;fronte civico 21;Veicolo in marcia contro veicoli in sosta;Rettilineo;Una carreggiata a doppio senso;Asciutto;Asfaltata;Verticale ed orizzontale;Sereno;Scarso;Buona;Sufficiente;0;0;0;2;12.5334;41.87575;-1;1;Autovettura privata;In marcia / fermata / arresto;Passeggero;F;Illeso;0;;Non accertato;Inesploso
2617349;8;12/12/2015 15:05;Altra strada;VIA RAOUL CHIODELLI;da specificare;;;;area interna civ. 62-64 (aperta pubblico transito);Scontro frontale/laterale DX fra veicoli in marcia;Rettilineo;Una carreggiata a doppio senso;Asciutto;Asfaltata;Assente;Sereno;Scarso;Buona;Ore Diurne;1;0;0;2;12.66216;41.90646;-1;1;Autovettura privata;In marcia / fermata / arresto;Conducente;M;Illeso;0;;;Esploso
2617349;8;12/12/2015 15:05;Altra strada;VIA RAOUL CHIODELLI;da specificare;;;;area interna civ. 62-64 (aperta pubblico transito);Scontro frontale/laterale DX fra veicoli in marcia;Rettilineo;Una carreggiata a doppio senso;Asciutto;Asfaltata;Assente;Sereno;Scarso;Buona;Ore Diurne;1;0;0;2;12.66216;41.90646;-1;2;Autovettura privata;In marcia / fermata / arresto;Conducente;M;Illeso;0;;;Esploso
2617349;8;12/12/2015 15:05;Altra strada;VIA RAOUL CHIODELLI;da specificare;;;;area interna civ. 62-64 (aperta pubblico transito);Scontro frontale/laterale DX fra veicoli in marcia;Rettilineo;Una carreggiata a doppio senso;Asciutto;Asfaltata;Assente;Sereno;Scarso;Buona;Ore Diurne;1;0;0;2;12.66216;41.90646;-1;2;Autovettura privata;In marcia / fermata / arresto;Passeggero;F;Rimandato;0;NON DECEDUTO;;Esploso
2617355;8;12/12/2015 18:15;Statale entro l'abitato;VIA DEL PONTE DELLA CATENA;all'intersezione con;VIA CASILINA;VIA CASILINA;;;Investimento di pedone;Intersezione non regolata/non segnalata;Una carreggiata a doppio senso;Asciutto;Asfaltata;Verticale ed orizzontale;Nebbia;Normale;Insufficiente;Insufficiente;2;0;0;1;12.6557;41.86435;-1;;;;Pedone;M;Rimandato;0;NON DECEDUTO;;
2617355;8;12/12/2015 18:15;Statale entro l'abitato;VIA DEL PONTE DELLA CATENA;all'intersezione con;VIA CASILINA;VIA CASILINA;;;Investimento di pedone;Intersezione non regolata/non segnalata;Una carreggiata a doppio senso;Asciutto;Asfaltata;Verticale ed orizzontale;Nebbia;Normale;Insufficiente;Insufficiente;2;0;0;1;12.6557;41.86435;-1;;;;Pedone;F;Rimandato;0;NON DECEDUTO;;
2617355;8;12/12/2015 18:15;Statale entro l'abitato;VIA DEL PONTE DELLA CATENA;all'intersezione con;VIA CASILINA;VIA CASILINA;;;Investimento di pedone;Intersezione non regolata/non segnalata;Una carreggiata a doppio senso;Asciutto;Asfaltata;Verticale ed orizzontale;Nebbia;Normale;Insufficiente;Insufficiente;2;0;0;1;12.6557;41.86435;-1;1;Autovettura privata;In marcia / fermata / arresto;Conducente;M;Illeso;0;;Non accertato;Inesploso
2617360;13;12/12/2015 14:30;Strada Urbana;LUNGOMARE PAOLO TOSCANELLI;da specificare;;;;in prossimità di Via dei Navicellari;Veicolo in marcia contro veicoli in sosta;Rettilineo;Due carreggiate;Asciutto;Asfaltata;Verticale ed orizzontale;Sereno;Normale;Sufficiente;Ore Diurne;1;0;0;1;12.27494;41.73016;-1;1;Autovettura privata;In marcia / fermata / arresto;Conducente;M;Rimandato;0;NON DECEDUTO;Non accertato;Inesploso