Protocollo;Gruppo;DataOraIncidente;Localizzazione1;STRADA1;Localizzazione2;STRADA2;Strada02;Chilometrica;DaSpecificare;NaturaIncidente;particolaritastrade;TipoStrada;FondoStradale;Pavimentazione;Segnaletica;CondizioneAtmosferica;Traffico;Visibilita;Illuminazione;NUM_FERITI;NUM_RISERVATA;NUM_MORTI;NUM_ILLESI;Longitudine;Latitudine;Confermato;Progressivo;TipoVeicolo;StatoVeicolo;TipoPersona;Sesso;Tipolesione;Deceduto;DecedutoDopo;CinturaCascoUtilizzato;Airbag
2618957;16;11/12/2015 09:45;Strada Urbana;VIA DI DONNA OLIMPIA;all'intersezione con;VIA GIOVANNI FILIPPO INGRASSIA;VIA GIOVANNI FILIPPO INGRASSIA;;;Scontro frontale/laterale SX fra veicoli in marcia;Intersezione stradale segnalata;Una carreggiata a doppio senso;Asciutto;Asfaltata;Verticale ed orizzontale;Sereno;Normale;Buona;Ore Diurne;1;0;0;1;12.4576;41.87334;-1;1;Motociclo con passeggero;In marcia / fermata / arresto;Conducente;M;Rimandato;0;NON DECEDUTO;Non accertato;
2618957;16;11/12/2015 09:45;Strada Urbana;VIA DI DONNA OLIMPIA;all'intersezione con;VIA GIOVANNI FILIPPO INGRASSIA;VIA GIOVANNI FILIPPO INGRASSIA;;;Scontro frontale/laterale SX fra veicoli in marcia;Intersezione stradale segnalata;Una carreggiata a doppio senso;Asciutto;Asfaltata;Verticale ed orizzontale;Sereno;Normale;Buona;Ore Diurne;1;0;0;1;12.4576;41.87334;-1;2;Autocarro inferiore 35 q.;In marcia / fermata / arresto;Conducente;M;Illeso;0;;Non accertato;
2618965;12;12/12/2015 06:00;Strada Urbana;VIA CRISTOFORO COLOMBO;da specificare;;;;laterale direzione Roma svincolo V.le Industria;Scontro frontale/laterale SX fra veicoli in marcia;Rettilineo;Più di due carreggiate;Asciutto;Asfaltata;Verticale ed orizzontale;Sereno;Scarso;Sufficiente;Sufficiente;0;0;0;2;12.44704;41.80373;-1;1;Autovettura privata;In marcia / fermata / arresto;Conducente;M;Illeso;0;;Non accertato;Inesploso
2618965;12;12/12/2015 06:00;Strada Urbana;VIA CRISTOFORO COLOMBO;da specificare;;;;laterale direzione Roma svincolo V.le Industria;Scontro frontale/laterale SX fra veicoli in marcia;Rettilineo;Più di due carreggiate;Asciutto;Asfaltata;Verticale ed orizzontale;Sereno;Scarso;Sufficiente;Sufficiente;0;0;0;2;12.44704;41.80373;-1;2;Autocarro inferiore 35 q.;In marcia / fermata / arresto;Conducente;M;Illeso;0;;Non accertato;Inesploso
2618988;23;12/12/2015 14:30;Strada Urbana;VIA CRISTOFORO COLOMBO;da specificare;;;;altezza Via Oceania;Tamponamento;Rettilineo;Due carreggiate;Asciutto;Asfaltata;Verticale ed orizzontale;Sereno;Normale;Buona;Ore Diurne;1;0;0;1;12.4658;41.8273;-1;1;Autovettura privata;In marcia / fermata / arresto;Conducente;F;Rifiuta cure immediate;0;NON DECEDUTO;Non accertato;Inesploso
2618988;23;12/12/2015 14:30;Strada Urbana;VIA CRISTOFORO COLOMBO;da specificare;;;;altezza Via Oceania;Tamponamento;Rettilineo;Due carreggiate;Asciutto;Asfaltata;Verticale ed orizzontale;Sereno;Normale;Buona;Ore Diurne;1;0;0;1;12.4658;41.8273;-1;2;Autovettura privata;In marcia / fermata / arresto;Conducente;M;Illeso;0;;Non accertato;Inesploso
2619001;18;12/12/2015 13:45;Strada Urbana;VIA SUOR MARIA AGOSTINA;in corrispondenza;;del civico n.;120;;Scontro laterale fra veicoli in marcia;Rettilineo;Una carreggiata a doppio senso;Asciutto;Asfaltata;Verticale;Sereno;Scarso;Buona;Ore Diurne;0;0;0;4;12.38723;41.90423;-1;1;Autovettura privata;In marcia / fermata / arresto;Conducente;M;Illeso;0;;Non accertato;Inesploso
2619001;18;12/12/2015 13:45;Strada Urbana;VIA SUOR MARIA AGOSTINA;in corrispondenza;;del civico n.;120;;Scontro laterale fra veicoli in marcia;Rettilineo;Una carreggiata a doppio senso;Asciutto;Asfaltata;Verticale;Sereno;Scarso;Buona;Ore Diurne;0;0;0;4;12.38723;41.90423;-1;1;Autovettura privata;In marcia / fermata / arresto;Passeggero;F;Illeso;0;;Non accertato;Inesploso
2619001;18;12/12/2015 13:45;Strada Urbana;VIA SUOR MARIA AGOSTINA;in corrispondenza;;del civico n.;120;;Scontro laterale fra veicoli in marcia;Rettilineo;Una carreggiata a doppio senso;Asciutto;Asfaltata;Verticale;Sereno;Scarso;Buona;Ore Diurne;0;0;0;4;12.38723;41.90423;-1;1;Autovettura privata;In marcia / fermata / arresto;Passeggero;F;Illeso;0;;Non accertato;Inesploso
2619001;18;12/12/2015 13:45;Strada Urbana;VIA SUOR MARIA AGOSTINA;in corrispondenza;;del civico n.;120;;Scontro laterale fra veicoli in marcia;Rettilineo;Una carreggiata a doppio senso;Asciutto;Asfaltata;Verticale;Sereno;Scarso;Buona;Ore Diurne;0;0;0;4;12.38723;41.90423;-1;2;Autovettura privata;In marcia / fermata / arresto;Conducente;M;Illeso;0;;Non accertato;Inesploso
2619005;23;13/12/2015 23:20;Strada Urbana;VIA DI PRATO CORNELIO;in prossimità;;del palo luce n.;22;;Tamponamento;Rettilineo;Una carreggiata a doppio senso;Asciutto;Asfaltata;Verticale ed orizzontale;Sereno;Scarso;Buona;Sufficiente;0;0;0;4;12.36255;41.77379;-1;1;Veicolo speciale;In marcia / fermata / arresto;Conducente;M;Illeso;0;;Non accertato;Inesploso
2619005;23;13/12/2015 23:20;Strada Urbana;VIA DI PRATO CORNELIO;in prossimità;;del palo luce n.;22;;Tamponamento;Rettilineo;Una carreggiata a doppio senso;Asciutto;Asfaltata;Verticale ed orizzontale;Sereno;Scarso;Buona;Sufficiente;0;0;0;4;12.36255;41.77379;-1;2;Autovettura privata;In marcia / fermata / arresto;Conducente;M;Illeso;0;;Non accertato;Inesploso
2619005;23;13/12/2015 23:20;Strada Urbana;VIA DI PRATO CORNELIO;in prossimità;;del palo luce n.;22;;Tamponamento;Rettilineo;Una carreggiata a doppio senso;Asciutto;Asfaltata;Verticale ed orizzontale;Sereno;Scarso;Buona;Sufficiente;0;0;0;4;12.36255;41.77379;-1;2;Autovettura privata;In marcia / fermata / arresto;Passeggero;M;Illeso;0;;Non accertato;Inesploso
2619013;12;12/12/2015 23:30;Strada Urbana;VIA CRISTOFORO COLOMBO;da specificare;;;;laterale Piazzale Marconi;Scontro laterale fra veicoli in marcia;Rettilineo;Una carreggiata a senso unico di marcia;Asciutto;Asfaltata;Verticale ed orizzontale;Sereno;Normale;Buona;Sufficiente;0;0;0;4;12.47148;41.85669;-1;1;Autovettura privata;In marcia / fermata / arresto;Conducente;M;Illeso;0;;Utilizzato;Inesploso
2619013;12;12/12/2015 23:30;Strada Urbana;VIA CRISTOFORO COLOMBO;da specificare;;;;laterale Piazzale Marconi;Scontro laterale fra veicoli in marcia;Rettilineo;Una carreggiata a senso unico di marcia;Asciutto;Asfaltata;Verticale ed orizzontale;Sereno;Normale;Buona;Sufficiente;0;0;0;4;12.47148;41.85669;-1;1;Autovettura privata;In marcia / fermata / arresto;Passeggero;M;Illeso;0;;Utilizzato;Inesploso
2619013;12;12/12/2015 23:30;Strada Urbana;VIA CRISTOFORO COLOMBO;da specificare;;;;laterale Piazzale Marconi;Scontro laterale fra veicoli in marcia;Rettilineo;Una carreggiata a senso unico di marcia;Asciutto;Asfaltata;Verticale ed orizzontale;Sereno;Normale;Buona;Sufficiente;0;0;0;4;12.47148;41.85669;-1;2;Autovettura privata;In marcia / fermata / arresto;Conducente;M;Illeso;0;;Utilizzato;Inesploso
2619013;12;12/12/2015 23:30;Strada Urbana;VIA CRISTOFORO COLOMBO;da specificare;;;;laterale Piazzale Marconi;Scontro laterale fra veicoli in marcia;Rettilineo;Una carreggiata a senso unico di marcia;Asciutto;Asfaltata;Verticale ed orizzontale;Sereno;Normale;Buona;Sufficiente;0;0;0;4;12.47148;41.85669;-1;2;Autovettura privata;In marcia / fermata / arresto;Passeggero;F;Illeso;0;;Utilizzato;Inesploso
2619027;16;11/12/2015 17:20;Strada Urbana;VIA SILVESTRI;in prossimità;;del palo luce n.;34;;Scontro frontale/laterale DX fra veicoli in marcia;Rettilineo;Una carreggiata a doppio senso;Asciutto;Asfaltata;Orizzontale;Sereno;Normale;Sufficiente;Sufficiente;1;0;0;3;12.43257;41.8779;-1;1;Motociclo a solo;In marcia / fermata / arresto;Conducente;M;Ricoverato;0;NON DECEDUTO;Non accertato;
2619027;16;11/12/2015 17:20;Strada Urbana;VIA SILVESTRI;in prossimità;;del palo luce n.;34;;Scontro frontale/laterale DX fra veicoli in marcia;Rettilineo;Una carreggiata a doppio senso;Asciutto;Asfaltata;Orizzontale;Sereno;Normale;Sufficiente;Sufficiente;1;0;0;3;12.43257;41.8779;-1;2;Autovettura privata;In marcia / fermata / arresto;Conducente;F;Illeso;0;;Non accertato;
2619027;16;11/12/2015 17:20;Strada Urbana;VIA SILVESTRI;in prossimità;;del palo luce n.;34;;Scontro frontale/laterale DX fra veicoli in marcia;Rettilineo;Una carreggiata a doppio senso;Asciutto;Asfaltata;Orizzontale;Sereno;Normale;Sufficiente;Sufficiente;1;0;0;3;12.43257;41.8779;-1;2;Autovettura privata;In marcia / fermata / arresto;Passeggero;M;Illeso;0;;Non accertato;
2619027;16;11/12/2015 17:20;Strada Urbana;VIA SILVESTRI;in prossimità;;del palo luce n.;34;;Scontro frontale/laterale DX fra veicoli in marcia;Rettilineo;Una carreggiata a doppio senso;Asciutto;Asfaltata;Orizzontale;Sereno;Normale;Sufficiente;Sufficiente;1;0;0;3;12.43257;41.8779;-1;2;Autovettura privata;In marcia / fermata / arresto;Passeggero;F;Illeso;0;;Non accertato;
2619067;20;14/12/2015 15:50;Strada Urbana;PIAZZA LAURO DE BOSIS;in corrispondenza;;del civico n.;3;;Scontro frontale/laterale SX fra veicoli in marcia;Curva a visuale libera;Due carreggiate;Asciutto;Asfaltata;Verticale ed orizzontale;Sereno;Normale;Buona;Ore Diurne;1;0;0;1;12.45882;41.93109;-1;1;Autovettura privata;In marcia / fermata / arresto;Conducente;M;Illeso;0;;Non accertato;Inesploso
2619067;20;14/12/2015 15:50;Strada Urbana;PIAZZA LAURO DE BOSIS;in corrispondenza;;del civico n.;3;;Scontro frontale/laterale SX fra veicoli in marcia;Curva a visuale libera;Due carreggiate;Asciutto;Asfaltata;Verticale ed orizzontale;Sereno;Normale;Buona;Ore Diurne;1;0;0;1;12.45882;41.93109;-1;2;Motociclo a solo;In marcia / fermata / arresto;Conducente;M;Ricoverato;0;NON DECEDUTO;Non accertato;
2619068;16;11/12/2015 18:00;Strada Urbana;VIALE DEI QUATTRO VENTI;in corrispondenza;;del civico n.;17;;Scontro laterale fra veicoli in marcia;Rettilineo;Una carreggiata a doppio senso;Asciutto;Asfaltata;Verticale ed orizzontale;Sereno;Normale;Buona;Sufficiente;1;0;0;3;12.45852;41.8843;-1;1;Autovettura privata;In marcia / fermata / arresto;Conducente;M;Illeso;0;;Non accertato;
2619068;16;11/12/2015 18:00;Strada Urbana;VIALE DEI QUATTRO VENTI;in corrispondenza;;del civico n.;17;;Scontro laterale fra veicoli in marcia;Rettilineo;Una carreggiata a doppio senso;Asciutto;Asfaltata;Verticale ed orizzontale;Sereno;Normale;Buona;Sufficiente;1;0;0;3;12.45852;41.8843;-1;2;Autovettura privata;In marcia / fermata / arresto;Conducente;M;Illeso;0;;Non accertato;
2619068;16;11/12/2015 18:00;Strada Urbana;VIALE DEI QUATTRO VENTI;in corrispondenza;;del civico n.;17;;Scontro laterale fra veicoli in marcia;Rettilineo;Una carreggiata a doppio senso;Asciutto;Asfaltata;Verticale ed orizzontale;Sereno;Normale;Buona;Sufficiente;1;0;0;3;12.45852;41.8843;-1;2;Autovettura privata;In marcia / fermata / arresto;Passeggero;M;Illeso;0;;Non accertato;
2619068;16;11/12/2015 18:00;Strada Urbana;VIALE DEI QUATTRO VENTI;in corrispondenza;;del civico n.;17;;Scontro laterale fra veicoli in marcia;Rettilineo;Una carreggiata a doppio senso;Asciutto;Asfaltata;Verticale ed orizzontale;Sereno;Normale;Buona;Sufficiente;1;0;0;3;12.45852;41.8843;-1;3;Motociclo con passeggero;In marcia / fermata / arresto;Conducente;M;Rimandato;0;NON DECEDUTO;Non accertato;
2619069;16;11/12/2015 11:15;Strada Urbana;VIA PORTUENSE;da specificare;;;;direzione Via E. Rolli (fornice FS) ;Scontro laterale fra veicoli in marcia;Sottopasso illuminato;Più di due carreggiate;Asciutto;Asfaltata;Verticale ed orizzontale;Sereno;Normale;Buona;Ore Diurne;0;0;0;2;12.40939;41.84342;-1;1;Autovettura privata;In marcia / fermata / arresto;Conducente;M;Illeso;0;;Non accertato;Inesploso
2619069;16;11/12/2015 11:15;Strada Urbana;VIA PORTUENSE;da specificare;;;;direzione Via E. Rolli (fornice FS) ;Scontro laterale fra veicoli in marcia;Sottopasso illuminato;Più di due carreggiate;Asciutto;Asfaltata;Verticale ed orizzontale;Sereno;Normale;Buona;Ore Diurne;0;0;0;2;12.40939;41.84342;-1;2;Motociclo a solo;In marcia / fermata / arresto;Conducente;M;Illeso;0;;Non accertato;
2619077;16;11/12/2015 14:30;Strada Urbana;VIA FEDERICO DI DONATO;in corrispondenza;;del civico n.;7;;Tamponamento;Rettilineo;Due carreggiate;Asciutto;Asfaltata;Verticale;Sereno;Normale;Buona;Ore Diurne;1;0;0;1;12.44884;41.86521;-1;1;Autovettura privata;In marcia / fermata / arresto;Conducente;M;Illeso;0;;Non accertato;
2619077;16;11/12/2015 14:30;Strada Urbana;VIA FEDERICO DI DONATO;in corrispondenza;;del civico n.;7;;Tamponamento;Rettilineo;Due carreggiate;Asciutto;Asfaltata;Verticale;Sereno;Normale;Buona;Ore Diurne;1;0;0;1;12.44884;41.86521;-1;2;Motociclo a solo;In marcia / fermata / arresto;Conducente;M;Ricoverato;0;NON DECEDUTO;Non accertato;
2619080;16;11/12/2015 19:00;Strada Urbana;VIA ANTON GIULIO BARRILI;all'intersezione con;VIA ARTURO COLAUTTI;VIA ARTURO COLAUTTI;;;Infortunio per sola frenata improvvisa;Incrocio;Una carreggiata a doppio senso;Asciutto;Asfaltata;Verticale ed orizzontale;Sereno;Normale;Buona;Sufficiente;2;0;0;1;12.46066;41.88103;-1;1;Autovettura privata;In marcia / fermata / arresto;Conducente;M;Illeso;0;;Non accertato;Inesploso
2619080;16;11/12/2015 19:00;Strada Urbana;VIA ANTON GIULIO BARRILI;all'intersezione con;VIA ARTURO COLAUTTI;VIA ARTURO COLAUTTI;;;Infortunio per sola frenata improvvisa;Incrocio;Una carreggiata a doppio senso;Asciutto;Asfaltata;Verticale ed orizzontale;Sereno;Normale;Buona;Sufficiente;2;0;0;1;12.46066;41.88103;-1;2;Motociclo con passeggero;In marcia / fermata / arresto;Conducente;M;Ricoverato;0;NON DECEDUTO;Non accertato;
2619080;16;11/12/2015 19:00;Strada Urbana;VIA ANTON GIULIO BARRILI;all'intersezione con;VIA ARTURO COLAUTTI;VIA ARTURO COLAUTTI;;;Infortunio per sola frenata improvvisa;Incrocio;Una carreggiata a doppio senso;Asciutto;Asfaltata;Verticale ed orizzontale;Sereno;Normale;Buona;Sufficiente;2;0;0;1;12.46066;41.88103;-1;2;Motociclo con passeggero;In marcia / fermata / arresto;Passeggero;M;Ricoverato;0;NON DECEDUTO;Non accertato;
2619082;16;11/12/2015 19:20;Strada Urbana;VIA RAFFAELE BALESTRA;all'intersezione con;VIA PIETRO CARTONI;VIA PIETRO CARTONI;;;Veicolo in marcia contro veicolo fermo;Incrocio;Una carreggiata a doppio senso;Asciutto;Asfaltata;Verticale;Sereno;Normale;Buona;Sufficiente;0;0;0;3;12.45001;41.87321;-1;1;Autovettura privata;In marcia / fermata / arresto;Conducente;M;Illeso;0;;Non accertato;
2619082;16;11/12/2015 19:20;Strada Urbana;VIA RAFFAELE BALESTRA;all'intersezione con;VIA PIETRO CARTONI;VIA PIETRO CARTONI;;;Veicolo in marcia contro veicolo fermo;Incrocio;Una carreggiata a doppio senso;Asciutto;Asfaltata;Verticale;Sereno;Normale;Buona;Sufficiente;0;0;0;3;12.45001;41.87321;-1;2;Autovettura privata;In marcia / fermata / arresto;Conducente;F;Illeso;0;;Non accertato;
2619082;16;11/12/2015 19:20;Strada Urbana;VIA RAFFAELE BALESTRA;all'intersezione con;VIA PIETRO CARTONI;VIA PIETRO CARTONI;;;Veicolo in marcia contro veicolo fermo;Incrocio;Una carreggiata a doppio senso;Asciutto;Asfaltata;Verticale;Sereno;Normale;Buona;Sufficiente;0;0;0;3;12.45001;41.87321;-1;2;Autovettura privata;In marcia / fermata / arresto;Passeggero;F;Illeso;0;;Non accertato;
2619090;16;12/12/2015 05:45;Strada Urbana;CIRCONVALLAZIONE CORNELIA;all'intersezione semaforizzata con;LARGO ALESSANDRO CARAVILLANI;LARGO ALESSANDRO CARAVILLANI;;;Scontro frontale/laterale SX fra veicoli in marcia;Incrocio;Due carreggiate;Asciutto;Asfaltata;Verticale ed orizzontale;Sereno;Scarso;Buona;Sufficiente;0;0;0;3;12.42587;41.90196;-1;1;Autovettura privata;In marcia / fermata / arresto;Conducente;F;Illeso;0;;Non accertato;Inesploso
2619090;16;12/12/2015 05:45;Strada Urbana;CIRCONVALLAZIONE CORNELIA;all'intersezione semaforizzata con;LARGO ALESSANDRO CARAVILLANI;LARGO ALESSANDRO CARAVILLANI;;;Scontro frontale/laterale SX fra veicoli in marcia;Incrocio;Due carreggiate;Asciutto;Asfaltata;Verticale ed orizzontale;Sereno;Scarso;Buona;Sufficiente;0;0;0;3;12.42587;41.90196;-1;2;Autovettura privata;In marcia / fermata / arresto;Conducente;M;Illeso;0;;Non accertato;Inesploso
2619090;16;12/12/2015 05:45;Strada Urbana;CIRCONVALLAZIONE CORNELIA;all'intersezione semaforizzata con;LARGO ALESSANDRO CARAVILLANI;LARGO ALESSANDRO CARAVILLANI;;;Scontro frontale/laterale SX fra veicoli in marcia;Incrocio;Due carreggiate;Asciutto;Asfaltata;Verticale ed orizzontale;Sereno;Scarso;Buona;Sufficiente;0;0;0;3;12.42587;41.90196;-1;2;Autovettura privata;In marcia / fermata / arresto;Passeggero;M;Illeso;0;;Non accertato;Inesploso
2619091;12;12/12/2015 20:15;Comunale extraurbana;VIA DELLA CASTELLUCCIA DI S. PAOLO;in corrispondenza;;del palo luce n.;31;;Veicolo in marcia contro ostacolo fisso;Curva a visuale libera;Una carreggiata a doppio senso;Asciutto;Asfaltata;Assente;Sereno;Scarso;Buona;Sufficiente;0;0;0;1;12.51339;41.7767;-1;1;Quadriciclo leggero;In marcia / fermata / arresto;Conducente;M;Illeso;0;;Non accertato;Inesistente
2619094;16;11/12/2015 22:15;Strada Urbana;VIA DI DONNA OLIMPIA;all'intersezione con;VIA MARIO FIORETTI;VIA MARIO FIORETTI;;;Scontro frontale/laterale SX fra veicoli in marcia;Incrocio;Una carreggiata a doppio senso;Asciutto;Asfaltata;Assente;Sereno;Normale;Sufficiente;Sufficiente;1;0;0;2;12.45416;41.87602;-1;1;Motociclo a solo;In marcia / fermata / arresto;Conducente;M;Rimandato;0;NON DECEDUTO;Non accertato;
2619094;16;11/12/2015 22:15;Strada Urbana;VIA DI DONNA OLIMPIA;all'intersezione con;VIA MARIO FIORETTI;VIA MARIO FIORETTI;;;Scontro frontale/laterale SX fra veicoli in marcia;Incrocio;Una carreggiata a doppio senso;Asciutto;Asfaltata;Assente;Sereno;Normale;Sufficiente;Sufficiente;1;0;0;2;12.45416;41.87602;-1;2;Autovettura privata;In marcia / fermata / arresto;Conducente;F;Illeso;0;;Non accertato;Inesploso
2619094;16;11/12/2015 22:15;Strada Urbana;VIA DI DONNA OLIMPIA;all'intersezione con;VIA MARIO FIORETTI;VIA MARIO FIORETTI;;;Scontro frontale/laterale SX fra veicoli in marcia;Incrocio;Una carreggiata a doppio senso;Asciutto;Asfaltata;Assente;Sereno;Normale;Sufficiente;Sufficiente;1;0;0;2;12.45416;41.87602;-1;2;Autovettura privata;In marcia / fermata / arresto;Passeggero;M;Illeso;0;;Non accertato;Inesploso
2619130;11;14/12/2015 16:20;Strada Urbana;VIA DI GROTTA PERFETTA;in prossimità;;del civico n.;551;;Investimento di pedone;Rettilineo;Una carreggiata a doppio senso;Asciutto;Asfaltata;Orizzontale;Sereno;Normale;Buona;Ore Diurne;1;0;0;1;12.51791;41.82423;-1;;;;Pedone;M;Rimandato;0;NON DECEDUTO;;
2619130;11;14/12/2015 16:20;Strada Urbana;VIA DI GROTTA PERFETTA;in prossimità;;del civico n.;551;;Investimento di pedone;Rettilineo;Una carreggiata a doppio senso;Asciutto;Asfaltata;Orizzontale;Sereno;Normale;Buona;Ore Diurne;1;0;0;1;12.51791;41.82423;-1;1;Motociclo a solo;In marcia / fermata / arresto;Conducente;M;Illeso;0;;Non accertato;
2619139;12;12/12/2015 09:15;Strada Urbana;VIA PONTINA;da specificare;;;;laterale civico 499 direzione Roma;Scontro frontale/laterale SX fra veicoli in marcia;Rettilineo;Una carreggiata a doppio senso;Asciutto;Asfaltata;Verticale ed orizzontale;Sereno;Scarso;Buona;Ore Diurne;0;0;0;2;12.4516;41.79262;-1;1;Autovettura privata;In marcia / fermata / arresto;Conducente;M;Illeso;0;;Utilizzato;Inesploso
2619139;12;12/12/2015 09:15;Strada Urbana;VIA PONTINA;da specificare;;;;laterale civico 499 direzione Roma;Scontro frontale/laterale SX fra veicoli in marcia;Rettilineo;Una carreggiata a doppio senso;Asciutto;Asfaltata;Verticale ed orizzontale;Sereno;Scarso;Buona;Ore Diurne;0;0;0;2;12.4516;41.79262;-1;2;Autovettura privata;In marcia / fermata / arresto;Conducente;F;Illeso;0;;Utilizzato;Inesploso
2619153;16;12/12/2015 12:10;Strada Urbana;PIAZZA ROSOLINO PILO;in corrispondenza;;del civico n.;27;;Veicolo in marcia contro veicolo fermo;Rettilineo;Una carreggiata a doppio senso;Asciutto;Asfaltata;Verticale ed orizzontale;Sereno;Normale;Buona;Ore Diurne;0;0;0;3;12.46121;41.88183;-1;1;Autovettura privata;In marcia / fermata / arresto;Conducente;M;Illeso;0;;Non accertato;Inesploso
2619153;16;12/12/2015 12:10;Strada Urbana;PIAZZA ROSOLINO PILO;in corrispondenza;;del civico n.;27;;Veicolo in marcia contro veicolo fermo;Rettilineo;Una carreggiata a doppio senso;Asciutto;Asfaltata;Verticale ed orizzontale;Sereno;Normale;Buona;Ore Diurne;0;0;0;3;12.46121;41.88183;-1;1;Autovettura privata;In marcia / fermata / arresto;Passeggero;F;Illeso;0;;Non accertato;Inesploso
2619153;16;12/12/2015 12:10;Strada Urbana;PIAZZA ROSOLINO PILO;in corrispondenza;;del civico n.;27;;Veicolo in marcia contro veicolo fermo;Rettilineo;Una carreggiata a doppio senso;Asciutto;Asfaltata;Verticale ed orizzontale;Sereno;Normale;Buona;Ore Diurne;0;0;0;3;12.46121;41.88183;-1;2;Autovettura privata;In marcia / fermata / arresto;Conducente;M;Illeso;0;;Non accertato;Inesploso
2619154;16;13/12/2015 04:30;Strada Urbana;VIALE DEI COLLI PORTUENSI;in corrispondenza;;del civico n.;240;;Veicolo in marcia contro veicoli in sosta;Rettilineo;Due carreggiate;Asciutto;Asfaltata;Verticale;Sereno;Scarso;Buona;Sufficiente;3;0;0;0;12.44346;41.86847;-1;1;Autovettura privata;In marcia / fermata / arresto;Conducente;F;Rimandato;0;NON DECEDUTO;Non accertato;
2619154;16;13/12/2015 04:30;Strada Urbana;VIALE DEI COLLI PORTUENSI;in corrispondenza;;del civico n.;240;;Veicolo in marcia contro veicoli in sosta;Rettilineo;Due carreggiate;Asciutto;Asfaltata;Verticale;Sereno;Scarso;Buona;Sufficiente;3;0;0;0;12.44346;41.86847;-1;1;Autovettura privata;In marcia / fermata / arresto;Passeggero;F;Rimandato;0;NON DECEDUTO;Non accertato;
2619165;16;12/12/2015 14:00;Strada Urbana;VIA VITELLIA;in prossimità;;del civico n.;17h;;Tamponamento;Rettilineo;Una carreggiata a doppio senso;Asciutto;Asfaltata;Orizzontale;Sereno;Normale;Buona;Ore Diurne;1;0;0;0;12.45413;41.88319;-1;1;Autovettura privata;In marcia / fermata / arresto;Conducente;F;Rimandato;0;NON DECEDUTO;Non accertato;Inesploso
2619169;16;12/12/2015 18:00;Strada Urbana;VIA DI DONNA OLIMPIA;in corrispondenza;;del civico n.;21;;Veicolo in marcia contro veicolo arresto;Rettilineo;Una carreggiata a senso unico di marcia;Asciutto;Asfaltata;Orizzontale;Sereno;Normale;Buona;Sufficiente;0;0;0;5;12.45158;41.87879;-1;1;Autovettura privata;In marcia / fermata / arresto;Conducente;F;Illeso;0;;Non accertato;Inesploso
2619169;16;12/12/2015 18:00;Strada Urbana;VIA DI DONNA OLIMPIA;in corrispondenza;;del civico n.;21;;Veicolo in marcia contro veicolo arresto;Rettilineo;Una carreggiata a senso unico di marcia;Asciutto;Asfaltata;Orizzontale;Sereno;Normale;Buona;Sufficiente;0;0;0;5;12.45158;41.87879;-1;2;Autovettura privata;In marcia / fermata / arresto;Conducente;M;Illeso;0;;Non accertato;Inesploso
2619169;16;12/12/2015 18:00;Strada Urbana;VIA DI DONNA OLIMPIA;in corrispondenza;;del civico n.;21;;Veicolo in marcia contro veicolo arresto;Rettilineo;Una carreggiata a senso unico di marcia;Asciutto;Asfaltata;Orizzontale;Sereno;Normale;Buona;Sufficiente;0;0;0;5;12.45158;41.87879;-1;2;Autovettura privata;In marcia / fermata / arresto;Passeggero;F;Illeso;0;;Non accertato;Inesploso
2619169;16;12/12/2015 18:00;Strada Urbana;VIA DI DONNA OLIMPIA;in corrispondenza;;del civico n.;21;;Veicolo in marcia contro veicolo arresto;Rettilineo;Una carreggiata a senso unico di marcia;Asciutto;Asfaltata;Orizzontale;Sereno;Normale;Buona;Sufficiente;0;0;0;5;12.45158;41.87879;-1;2;Autovettura privata;In marcia / fermata / arresto;Passeggero;F;Illeso;0;;Non accertato;Inesploso
2619169;16;12/12/2015 18:00;Strada Urbana;VIA DI DONNA OLIMPIA;in corrispondenza;;del civico n.;21;;Veicolo in marcia contro veicolo arresto;Rettilineo;Una carreggiata a senso unico di marcia;Asciutto;Asfaltata;Orizzontale;Sereno;Normale;Buona;Sufficiente;0;0;0;5;12.45158;41.87879;-1;2;Autovettura privata;In marcia / fermata / arresto;Passeggero;F;Illeso;0;;Non accertato;Inesploso
2619189;12;12/12/2015 11:35;Strada Urbana;VIA OSTIENSE;da specificare;;;;direzione Roma altezza uscita Vitinia;Scontro frontale/laterale DX fra veicoli in marcia;Rettilineo;Una carreggiata a doppio senso;Asciutto;Asfaltata;Verticale ed orizzontale;Sereno;Normale;Buona;Ore Diurne;0;0;0;5;12.45895;41.83686;-1;1;Autovettura privata;In marcia / fermata / arresto;Conducente;M;Illeso;0;;Utilizzato;Inesploso
2619189;12;12/12/2015 11:35;Strada Urbana;VIA OSTIENSE;da specificare;;;;direzione Roma altezza uscita Vitinia;Scontro frontale/laterale DX fra veicoli in marcia;Rettilineo;Una carreggiata a doppio senso;Asciutto;Asfaltata;Verticale ed orizzontale;Sereno;Normale;Buona;Ore Diurne;0;0;0;5;12.45895;41.83686;-1;1;Autovettura privata;In marcia / fermata / arresto;Passeggero;F;Illeso;0;;Utilizzato;Inesploso
2619189;12;12/12/2015 11:35;Strada Urbana;VIA OSTIENSE;da specificare;;;;direzione Roma altezza uscita Vitinia;Scontro frontale/laterale DX fra veicoli in marcia;Rettilineo;Una carreggiata a doppio senso;Asciutto;Asfaltata;Verticale ed orizzontale;Sereno;Normale;Buona;Ore Diurne;0;0;0;5;12.45895;41.83686;-1;1;Autovettura privata;In marcia / fermata / arresto;Passeggero;F;Illeso;0;;Utilizzato;Inesploso