Protocollo;Gruppo;DataOraIncidente;Localizzazione1;STRADA1;Localizzazione2;STRADA2;Strada02;Chilometrica;DaSpecificare;NaturaIncidente;particolaritastrade;TipoStrada;FondoStradale;Pavimentazione;Segnaletica;CondizioneAtmosferica;Traffico;Visibilita;Illuminazione;NUM_FERITI;NUM_RISERVATA;NUM_MORTI;NUM_ILLESI;Longitudine;Latitudine;Confermato;Progressivo;TipoVeicolo;StatoVeicolo;TipoPersona;Sesso;Tipolesione;Deceduto;DecedutoDopo;CinturaCascoUtilizzato;Airbag
2621616;1;13/12/2015 01:40;Strada Urbana;LUNGOTEVERE AVENTINO;all'intersezione semaforizzata con;VIA DI S. MARIA IN COSMEDIN;VIA DI S. MARIA IN COSMEDIN;;;Tamponamento;Intersezione semaforizzata;Una carreggiata a senso unico di marcia;Asciutto;Asfaltata;Verticale ed orizzontale;Sereno;Scarso;Buona;Sufficiente;1;0;0;1;12.47894;41.88549;-1;2;Motociclo a solo;In marcia / fermata / arresto;Conducente;M;Rimandato;0;NON DECEDUTO;Non accertato;
2621621;20;15/12/2015 13:45;Strada Urbana;VIA DEL FORO ITALICO;da specificare;;;;GALLERIA FLEMING dir. STADIO;Infortunio per caduta del veicolo;Galleria illuminata;Una carreggiata a senso unico di marcia;Bagnato (umidità in atto);Asfaltata;Orizzontale;Sereno;Intenso;Sufficiente;Ore Diurne;1;0;0;1;12.47488;41.94075;-1;1;Motociclo a solo;In marcia / fermata / arresto;Conducente;M;Rifiuta cure immediate;0;NON DECEDUTO;Non accertato;
2621621;20;15/12/2015 13:45;Strada Urbana;VIA DEL FORO ITALICO;da specificare;;;;GALLERIA FLEMING dir. STADIO;Infortunio per caduta del veicolo;Galleria illuminata;Una carreggiata a senso unico di marcia;Bagnato (umidità in atto);Asfaltata;Orizzontale;Sereno;Intenso;Sufficiente;Ore Diurne;1;0;0;1;12.47488;41.94075;-1;2;Motociclo a solo;In marcia / fermata / arresto;Conducente;M;Illeso;0;;Utilizzato;
2621626;2;16/12/2015 07:25;Strada Urbana;VIA DEL FORO ITALICO;in prossimità;;del palo luce n.;300;;Tamponamento Multiplo;Rettilineo;Due carreggiate;Asciutto;Asfaltata;Verticale ed orizzontale;Sereno;Intenso;Buona;Ore Diurne;1;0;0;2;12.48278;41.94005;-1;1;Autovettura privata;In marcia / fermata / arresto;Conducente;M;Illeso;0;;Non accertato;Inesploso
2621626;2;16/12/2015 07:25;Strada Urbana;VIA DEL FORO ITALICO;in prossimità;;del palo luce n.;300;;Tamponamento Multiplo;Rettilineo;Due carreggiate;Asciutto;Asfaltata;Verticale ed orizzontale;Sereno;Intenso;Buona;Ore Diurne;1;0;0;2;12.48278;41.94005;-1;2;Autovettura privata;In marcia / fermata / arresto;Conducente;F;Rimandato;0;NON DECEDUTO;Non accertato;Inesploso
2621626;2;16/12/2015 07:25;Strada Urbana;VIA DEL FORO ITALICO;in prossimità;;del palo luce n.;300;;Tamponamento Multiplo;Rettilineo;Due carreggiate;Asciutto;Asfaltata;Verticale ed orizzontale;Sereno;Intenso;Buona;Ore Diurne;1;0;0;2;12.48278;41.94005;-1;3;Autovettura privata;In marcia / fermata / arresto;Conducente;F;Illeso;0;;Non accertato;Inesploso
2621627;7;16/12/2015 10:05;Strada Urbana;VIA DELLE ACACIE;in prossimità;;del civico n.;78;;Veicolo in marcia contro veicolo in sosta;Rettilineo;Una carreggiata a senso unico di marcia;Asciutto;Asfaltata;Orizzontale;Nuvoloso;Normale;Buona;Ore Diurne;0;0;0;1;12.56819;41.88818;-1;1;Autovettura privata;In marcia / fermata / arresto;Conducente;M;Illeso;0;;Non accertato;Inesploso
2621636;2;16/12/2015 09:30;Strada Urbana;VIA LARIANA;in prossimità;;del civico n.;fr1a;;Tamponamento;Rettilineo;Una carreggiata a senso unico di marcia;Asciutto;Asfaltata;Orizzontale;Sereno;Scarso;Buona;Ore Diurne;0;0;0;3;12.50347;41.92274;-1;1;Autovettura di polizia;In marcia / fermata / arresto;Conducente;M;Illeso;0;;;
2621636;2;16/12/2015 09:30;Strada Urbana;VIA LARIANA;in prossimità;;del civico n.;fr1a;;Tamponamento;Rettilineo;Una carreggiata a senso unico di marcia;Asciutto;Asfaltata;Orizzontale;Sereno;Scarso;Buona;Ore Diurne;0;0;0;3;12.50347;41.92274;-1;1;Autovettura di polizia;In marcia / fermata / arresto;Passeggero;M;Illeso;0;;;
2621636;2;16/12/2015 09:30;Strada Urbana;VIA LARIANA;in prossimità;;del civico n.;fr1a;;Tamponamento;Rettilineo;Una carreggiata a senso unico di marcia;Asciutto;Asfaltata;Orizzontale;Sereno;Scarso;Buona;Ore Diurne;0;0;0;3;12.50347;41.92274;-1;2;Autovettura privata;In marcia / fermata / arresto;Conducente;F;Illeso;0;;;
2621645;2;15/12/2015 12:20;Strada Urbana;VIA CHIANA;all'intersezione con;VIA OGLIO;VIA OGLIO;;;Veicolo in marcia contro ostacolo accidentale;Incrocio;Due carreggiate;Asciutto;Asfaltata;Verticale ed orizzontale;Sereno;Normale;Buona;Ore Diurne;1;0;0;0;12.50331;41.92247;-1;1;Motociclo a solo;In marcia / fermata / arresto;Conducente;M;Rifiuta cure immediate;0;NON DECEDUTO;Non accertato;
2621652;2;15/12/2015 12:20;Strada Urbana;CORSO DI FRANCIA;da specificare;;;;rampa dir. v.le M.llo Pilsudski (centro);Tamponamento;Curva a visuale libera;Una carreggiata a senso unico di marcia;Asciutto;Asfaltata;Orizzontale;Sereno;Normale;Buona;Ore Diurne;1;0;0;1;12.47154;41.93683;-1;1;Motociclo a solo;In marcia / fermata / arresto;Conducente;M;Rimandato;0;NON DECEDUTO;;
2621652;2;15/12/2015 12:20;Strada Urbana;CORSO DI FRANCIA;da specificare;;;;rampa dir. v.le M.llo Pilsudski (centro);Tamponamento;Curva a visuale libera;Una carreggiata a senso unico di marcia;Asciutto;Asfaltata;Orizzontale;Sereno;Normale;Buona;Ore Diurne;1;0;0;1;12.47154;41.93683;-1;2;Autovettura privata;In marcia / fermata / arresto;Conducente;M;Illeso;0;;;
2621664;2;15/12/2015 13:00;Strada Urbana;CORSO TRIESTE;in prossimità;;del civico n.;207;;Investimento di pedone;Rettilineo;Due carreggiate;Asciutto;Asfaltata;Verticale ed orizzontale;Sereno;Normale;Buona;Ore Diurne;1;0;0;0;12.51544;41.92418;-1;;;;Pedone;F;Rimandato;0;NON DECEDUTO;;
2621677;2;15/12/2015 14:30;Strada Urbana;PIAZZA GONDAR;all'intersezione semaforizzata con;VIALE ETIOPIA;VIALE ETIOPIA;;;Ribaltamento senza urto contro ostacolo fisso;Intersezione semaforizzata;Una carreggiata a doppio senso;Asciutto;Asfaltata;Verticale ed orizzontale;Sereno;Normale;Buona;Ore Diurne;1;0;0;1;12.52085;41.93323;-1;1;Autovettura privata;In marcia / fermata / arresto;Conducente;F;Illeso;0;;;
2621677;2;15/12/2015 14:30;Strada Urbana;PIAZZA GONDAR;all'intersezione semaforizzata con;VIALE ETIOPIA;VIALE ETIOPIA;;;Ribaltamento senza urto contro ostacolo fisso;Intersezione semaforizzata;Una carreggiata a doppio senso;Asciutto;Asfaltata;Verticale ed orizzontale;Sereno;Normale;Buona;Ore Diurne;1;0;0;1;12.52085;41.93323;-1;2;Motociclo a solo;In marcia / fermata / arresto;Conducente;M;Ricoverato;0;NON DECEDUTO;;
2621692;1;13/12/2015 17:30;Strada Urbana;LUNGOTEVERE DEGLI ANGUILLARA;da specificare;;;;.;Scontro laterale fra veicoli in marcia;Rettilineo;Una carreggiata a senso unico di marcia;Asciutto;Asfaltata;Verticale ed orizzontale;Sereno;Intenso;Buona;Sufficiente;0;0;0;4;12.47581;41.89001;-1;1;Autovettura privata;In marcia / fermata / arresto;Conducente;M;Illeso;0;;Non accertato;Inesploso
2621692;1;13/12/2015 17:30;Strada Urbana;LUNGOTEVERE DEGLI ANGUILLARA;da specificare;;;;.;Scontro laterale fra veicoli in marcia;Rettilineo;Una carreggiata a senso unico di marcia;Asciutto;Asfaltata;Verticale ed orizzontale;Sereno;Intenso;Buona;Sufficiente;0;0;0;4;12.47581;41.89001;-1;1;Autovettura privata;In marcia / fermata / arresto;Passeggero;M;Illeso;0;;Non accertato;Inesploso
2621692;1;13/12/2015 17:30;Strada Urbana;LUNGOTEVERE DEGLI ANGUILLARA;da specificare;;;;.;Scontro laterale fra veicoli in marcia;Rettilineo;Una carreggiata a senso unico di marcia;Asciutto;Asfaltata;Verticale ed orizzontale;Sereno;Intenso;Buona;Sufficiente;0;0;0;4;12.47581;41.89001;-1;2;Autovettura privata;In marcia / fermata / arresto;Conducente;F;Illeso;0;;Non accertato;Inesploso
2621692;1;13/12/2015 17:30;Strada Urbana;LUNGOTEVERE DEGLI ANGUILLARA;da specificare;;;;.;Scontro laterale fra veicoli in marcia;Rettilineo;Una carreggiata a senso unico di marcia;Asciutto;Asfaltata;Verticale ed orizzontale;Sereno;Intenso;Buona;Sufficiente;0;0;0;4;12.47581;41.89001;-1;2;Autovettura privata;In marcia / fermata / arresto;Passeggero;F;Illeso;0;;Non accertato;Inesploso
2621709;1;13/12/2015 15:00;Strada Urbana;VIA DEL CIRCO MASSIMO;all'intersezione con;VIA DELLA FONTE DI FAUNO;VIA DELLA FONTE DI FAUNO;;;Scontro frontale/laterale DX fra veicoli in marcia;Incrocio;Una carreggiata a doppio senso;Asciutto;Asfaltata;Verticale ed orizzontale;Sereno;Normale;Buona;Ore Diurne;0;0;0;2;12.48714;41.88404;-1;1;Motociclo a solo;In marcia / fermata / arresto;Conducente;M;Illeso;0;;;
2621709;1;13/12/2015 15:00;Strada Urbana;VIA DEL CIRCO MASSIMO;all'intersezione con;VIA DELLA FONTE DI FAUNO;VIA DELLA FONTE DI FAUNO;;;Scontro frontale/laterale DX fra veicoli in marcia;Incrocio;Una carreggiata a doppio senso;Asciutto;Asfaltata;Verticale ed orizzontale;Sereno;Normale;Buona;Ore Diurne;0;0;0;2;12.48714;41.88404;-1;2;Autovettura privata;In marcia / fermata / arresto;Conducente;M;Illeso;0;;;
2621725;23;15/12/2015 16:10;Strada Urbana;VIA CRISTOFORO COLOMBO;in prossimità;;della chilometrica;19.1;;Tamponamento Multiplo;Rettilineo;Due carreggiate;Asciutto;Asfaltata;Verticale ed orizzontale;Sereno;Intenso;Buona;Ore Diurne;1;0;0;2;12.44704;41.80373;-1;1;Autovettura privata;In marcia / fermata / arresto;Conducente;M;Illeso;0;;Non accertato;Inesploso
2621725;23;15/12/2015 16:10;Strada Urbana;VIA CRISTOFORO COLOMBO;in prossimità;;della chilometrica;19.1;;Tamponamento Multiplo;Rettilineo;Due carreggiate;Asciutto;Asfaltata;Verticale ed orizzontale;Sereno;Intenso;Buona;Ore Diurne;1;0;0;2;12.44704;41.80373;-1;2;Autovettura privata;In marcia / fermata / arresto;Conducente;M;Rimandato;0;NON DECEDUTO;Non utilizzato;Inesploso
2621725;23;15/12/2015 16:10;Strada Urbana;VIA CRISTOFORO COLOMBO;in prossimità;;della chilometrica;19.1;;Tamponamento Multiplo;Rettilineo;Due carreggiate;Asciutto;Asfaltata;Verticale ed orizzontale;Sereno;Intenso;Buona;Ore Diurne;1;0;0;2;12.44704;41.80373;-1;3;Autovettura privata;In marcia / fermata / arresto;Conducente;M;Illeso;0;;Non accertato;Inesploso
2621756;16;14/12/2015 19:40;Strada Urbana;VIA AURELIA ANTICA;in prossimità;;del civico n.;408;;Scontro laterale fra veicoli in marcia;Rettilineo;Una carreggiata a doppio senso;Asciutto;Asfaltata;Verticale ed orizzontale;Sereno;Normale;Buona;Sufficiente;1;0;0;1;12.42585;41.89019;-1;1;Autovettura privata;In marcia / fermata / arresto;Conducente;M;Illeso;0;;Non accertato;Inesploso
2621756;16;14/12/2015 19:40;Strada Urbana;VIA AURELIA ANTICA;in prossimità;;del civico n.;408;;Scontro laterale fra veicoli in marcia;Rettilineo;Una carreggiata a doppio senso;Asciutto;Asfaltata;Verticale ed orizzontale;Sereno;Normale;Buona;Sufficiente;1;0;0;1;12.42585;41.89019;-1;2;Motociclo a solo;In marcia / fermata / arresto;Conducente;M;Rimandato;0;NON DECEDUTO;Non accertato;
2621795;16;15/12/2015 18:00;Strada Urbana;VIA LEONE XIII;all'intersezione semaforizzata con;VIA VITELLIA;VIA VITELLIA;;;Veicolo in marcia contro ostacolo accidentale;Incrocio;Due carreggiate;Asciutto;Asfaltata;Verticale ed orizzontale;Sereno;Normale;Sufficiente;Sufficiente;1;0;0;0;12.44106;41.87996;-1;1;Motociclo a solo;In marcia / fermata / arresto;Conducente;M;Rimandato;0;NON DECEDUTO;Non accertato;
2621806;16;15/12/2015 17:25;Strada Urbana;VIALE DEI QUATTRO VENTI;in prossimità;;del civico n.;fc 146b;;Investimento di pedone;Rettilineo;Una carreggiata a doppio senso;Asciutto;Asfaltata;Verticale ed orizzontale;Sereno;Normale;Buona;Sufficiente;2;0;0;1;12.45851;41.87951;-1;;;;Pedone;F;Ricoverato;0;NON DECEDUTO;;
2621806;16;15/12/2015 17:25;Strada Urbana;VIALE DEI QUATTRO VENTI;in prossimità;;del civico n.;fc 146b;;Investimento di pedone;Rettilineo;Una carreggiata a doppio senso;Asciutto;Asfaltata;Verticale ed orizzontale;Sereno;Normale;Buona;Sufficiente;2;0;0;1;12.45851;41.87951;-1;1;Motociclo con passeggero;In marcia / fermata / arresto;Conducente;M;Rifiuta cure immediate;0;NON DECEDUTO;Non accertato;
2621806;16;15/12/2015 17:25;Strada Urbana;VIALE DEI QUATTRO VENTI;in prossimità;;del civico n.;fc 146b;;Investimento di pedone;Rettilineo;Una carreggiata a doppio senso;Asciutto;Asfaltata;Verticale ed orizzontale;Sereno;Normale;Buona;Sufficiente;2;0;0;1;12.45851;41.87951;-1;1;Motociclo con passeggero;In marcia / fermata / arresto;Passeggero;M;Illeso;0;;Non accertato;
2621807;1;15/12/2015 13:18;Strada Urbana;VIALE DI TRASTEVERE;da specificare;;;;ALTEZZA PIAZZA MASTAI;Investimento di pedone;Rettilineo;Una carreggiata a doppio senso;Asciutto;Asfaltata;Verticale ed orizzontale;Sereno;Normale;Buona;Ore Diurne;1;0;0;0;12.47339;41.88729;-1;;;;Pedone;F;Rimandato;0;NON DECEDUTO;;
2621854;10;16/12/2015 12:50;Strada Urbana;VIA NIOBE;all'intersezione con;VIA MORANO CALABRO;VIA MORANO CALABRO;;;Scontro frontale/laterale SX fra veicoli in marcia;Intersezione stradale segnalata;Una carreggiata a senso unico di marcia;Asciutto;Asfaltata;Verticale ed orizzontale;Sereno;Scarso;Buona;Ore Diurne;1;0;0;3;12.61465;41.82187;-1;1;Autovettura privata;In marcia / fermata / arresto;Conducente;M;Illeso;0;;Non accertato;Inesploso
2621854;10;16/12/2015 12:50;Strada Urbana;VIA NIOBE;all'intersezione con;VIA MORANO CALABRO;VIA MORANO CALABRO;;;Scontro frontale/laterale SX fra veicoli in marcia;Intersezione stradale segnalata;Una carreggiata a senso unico di marcia;Asciutto;Asfaltata;Verticale ed orizzontale;Sereno;Scarso;Buona;Ore Diurne;1;0;0;3;12.61465;41.82187;-1;1;Autovettura privata;In marcia / fermata / arresto;Passeggero;F;Illeso;0;;Non accertato;Inesploso
2621854;10;16/12/2015 12:50;Strada Urbana;VIA NIOBE;all'intersezione con;VIA MORANO CALABRO;VIA MORANO CALABRO;;;Scontro frontale/laterale SX fra veicoli in marcia;Intersezione stradale segnalata;Una carreggiata a senso unico di marcia;Asciutto;Asfaltata;Verticale ed orizzontale;Sereno;Scarso;Buona;Ore Diurne;1;0;0;3;12.61465;41.82187;-1;2;Autovettura privata;In marcia / fermata / arresto;Conducente;M;Illeso;0;;Non accertato;Inesploso
2621854;10;16/12/2015 12:50;Strada Urbana;VIA NIOBE;all'intersezione con;VIA MORANO CALABRO;VIA MORANO CALABRO;;;Scontro frontale/laterale SX fra veicoli in marcia;Intersezione stradale segnalata;Una carreggiata a senso unico di marcia;Asciutto;Asfaltata;Verticale ed orizzontale;Sereno;Scarso;Buona;Ore Diurne;1;0;0;3;12.61465;41.82187;-1;2;Autovettura privata;In marcia / fermata / arresto;Passeggero;F;Rimandato;0;NON DECEDUTO;Non accertato;Inesploso
2621860;11;16/12/2015 12:40;Strada Urbana;VIA LAURENTINA;da specificare;;;;prossimità svincolo Via delle Tre Fontane;Veicolo in marcia contro ostacolo fisso;Rettilineo;Due carreggiate;Asciutto;Asfaltata;Verticale ed orizzontale;Sereno;Normale;Buona;Ore Diurne;0;0;0;1;12.47927;41.82458;-1;1;Autovettura privata;In marcia / fermata / arresto;Conducente;M;Illeso;0;;;
2621916;23;15/12/2015 19:15;Comunale extraurbana;VIA CRISTOFORO COLOMBO;in prossimità;;della chilometrica;14.58;;Scontro laterale fra veicoli in marcia;Rettilineo;Più di due carreggiate;Asciutto;Asfaltata;Orizzontale;Sereno;Intenso;Buona;Sufficiente;0;0;0;2;12.43063;41.79243;-1;1;Autovettura privata;In marcia / fermata / arresto;Conducente;F;Illeso;0;;Utilizzato;Inesploso
2621916;23;15/12/2015 19:15;Comunale extraurbana;VIA CRISTOFORO COLOMBO;in prossimità;;della chilometrica;14.58;;Scontro laterale fra veicoli in marcia;Rettilineo;Più di due carreggiate;Asciutto;Asfaltata;Orizzontale;Sereno;Intenso;Buona;Sufficiente;0;0;0;2;12.43063;41.79243;-1;2;Autovettura privata;In marcia / fermata / arresto;Conducente;M;Illeso;0;;Non accertato;Inesploso
2621924;23;15/12/2015 19:15;Comunale extraurbana;VIA CRISTOFORO COLOMBO;in prossimità;;della chilometrica;14.85;;Scontro frontale fra veicoli in marcia;Rettilineo;Più di due carreggiate;Asciutto;Asfaltata;Orizzontale;Sereno;Intenso;Buona;Insufficiente;0;0;0;3;12.37683;41.76008;-1;1;Autovettura privata;In marcia / fermata / arresto;Conducente;M;Illeso;0;;Non accertato;Inesploso
2621924;23;15/12/2015 19:15;Comunale extraurbana;VIA CRISTOFORO COLOMBO;in prossimità;;della chilometrica;14.85;;Scontro frontale fra veicoli in marcia;Rettilineo;Più di due carreggiate;Asciutto;Asfaltata;Orizzontale;Sereno;Intenso;Buona;Insufficiente;0;0;0;3;12.37683;41.76008;-1;1;Autovettura privata;In marcia / fermata / arresto;Passeggero;F;Illeso;0;;Non accertato;Inesploso
2621924;23;15/12/2015 19:15;Comunale extraurbana;VIA CRISTOFORO COLOMBO;in prossimità;;della chilometrica;14.85;;Scontro frontale fra veicoli in marcia;Rettilineo;Più di due carreggiate;Asciutto;Asfaltata;Orizzontale;Sereno;Intenso;Buona;Insufficiente;0;0;0;3;12.37683;41.76008;-1;2;Autovettura privata;In marcia / fermata / arresto;Conducente;M;Illeso;0;;Non accertato;Inesploso
2621941;8;16/12/2015 12:00;Statale;VIA CASILINA;da specificare;;;;ALTEZZA VIA CARLO SANTARELLI;Tamponamento Multiplo;Rettilineo;Una carreggiata a doppio senso;Asciutto;Asfaltata;Verticale ed orizzontale;Sereno;Intenso;Buona;Ore Diurne;0;0;0;3;12.60933;41.86405;-1;1;Autovettura privata;In marcia / fermata / arresto;Conducente;M;Illeso;0;;Non accertato;Inesploso
2621941;8;16/12/2015 12:00;Statale;VIA CASILINA;da specificare;;;;ALTEZZA VIA CARLO SANTARELLI;Tamponamento Multiplo;Rettilineo;Una carreggiata a doppio senso;Asciutto;Asfaltata;Verticale ed orizzontale;Sereno;Intenso;Buona;Ore Diurne;0;0;0;3;12.60933;41.86405;-1;2;Autovettura privata;In marcia / fermata / arresto;Conducente;M;Illeso;0;;Non accertato;Inesploso
2621941;8;16/12/2015 12:00;Statale;VIA CASILINA;da specificare;;;;ALTEZZA VIA CARLO SANTARELLI;Tamponamento Multiplo;Rettilineo;Una carreggiata a doppio senso;Asciutto;Asfaltata;Verticale ed orizzontale;Sereno;Intenso;Buona;Ore Diurne;0;0;0;3;12.60933;41.86405;-1;3;Autovettura privata;In marcia / fermata / arresto;Conducente;M;Illeso;0;;Non accertato;Inesploso
2622001;18;15/12/2015 08:20;Strada Urbana;VIA DELLA MAGLIANELLA;in prossimità;;del civico n.;379;;Veicolo in marcia contro ostacolo accidentale;Curva senza visuale libera;Una carreggiata a senso unico di marcia;Asciutto;Asfaltata;Verticale ed orizzontale;Sereno;Intenso;Buona;Ore Diurne;1;0;0;0;12.38397;41.91414;-1;1;Motociclo a solo;In marcia / fermata / arresto;Conducente;F;Rifiuta cure immediate;0;NON DECEDUTO;Non accertato;
2622041;18;15/12/2015 12:00;Statale;VIA AURELIA;in prossimità;;del civico n.;780;;Scontro laterale fra veicoli in marcia;Rettilineo;Due carreggiate;Asciutto;Asfaltata;Verticale ed orizzontale;Sereno;Intenso;Buona;Ore Diurne;0;0;0;6;12.41153;41.88993;-1;1;Autovettura privata;In marcia / fermata / arresto;Passeggero;F;Illeso;0;;Non accertato;Inesploso
2622041;18;15/12/2015 12:00;Statale;VIA AURELIA;in prossimità;;del civico n.;780;;Scontro laterale fra veicoli in marcia;Rettilineo;Due carreggiate;Asciutto;Asfaltata;Verticale ed orizzontale;Sereno;Intenso;Buona;Ore Diurne;0;0;0;6;12.41153;41.88993;-1;1;Autovettura privata;In marcia / fermata / arresto;Conducente;M;Illeso;0;;Non accertato;Inesploso
2622041;18;15/12/2015 12:00;Statale;VIA AURELIA;in prossimità;;del civico n.;780;;Scontro laterale fra veicoli in marcia;Rettilineo;Due carreggiate;Asciutto;Asfaltata;Verticale ed orizzontale;Sereno;Intenso;Buona;Ore Diurne;0;0;0;6;12.41153;41.88993;-1;1;Autovettura privata;In marcia / fermata / arresto;Passeggero;F;Illeso;0;;Non accertato;Inesploso
2622041;18;15/12/2015 12:00;Statale;VIA AURELIA;in prossimità;;del civico n.;780;;Scontro laterale fra veicoli in marcia;Rettilineo;Due carreggiate;Asciutto;Asfaltata;Verticale ed orizzontale;Sereno;Intenso;Buona;Ore Diurne;0;0;0;6;12.41153;41.88993;-1;1;Autovettura privata;In marcia / fermata / arresto;Passeggero;M;Illeso;0;;Non accertato;Inesploso
2622041;18;15/12/2015 12:00;Statale;VIA AURELIA;in prossimità;;del civico n.;780;;Scontro laterale fra veicoli in marcia;Rettilineo;Due carreggiate;Asciutto;Asfaltata;Verticale ed orizzontale;Sereno;Intenso;Buona;Ore Diurne;0;0;0;6;12.41153;41.88993;-1;1;Autovettura privata;In marcia / fermata / arresto;Passeggero;M;Illeso;0;;Non accertato;Inesploso
2622041;18;15/12/2015 12:00;Statale;VIA AURELIA;in prossimità;;del civico n.;780;;Scontro laterale fra veicoli in marcia;Rettilineo;Due carreggiate;Asciutto;Asfaltata;Verticale ed orizzontale;Sereno;Intenso;Buona;Ore Diurne;0;0;0;6;12.41153;41.88993;-1;2;Autocarro inferiore 35 q.;In marcia / fermata / arresto;Conducente;M;Illeso;0;;Non accertato;Inesploso
2622054;20;16/12/2015 15:30;Strada Urbana;VIALE ANTONINO DI SAN GIULIANO;all'intersezione semaforizzata con;PIAZZALE DELLA FARNESINA;PIAZZALE DELLA FARNESINA;;;Scontro laterale fra veicoli in marcia;Intersezione semaforizzata;Due carreggiate;Asciutto;Asfaltata;Verticale ed orizzontale;Sereno;Normale;Buona;Ore Diurne;0;0;0;3;12.46102;41.93676;-1;1;Autovettura privata;In marcia / fermata / arresto;Conducente;F;Illeso;0;;Non accertato;Inesploso
2622054;20;16/12/2015 15:30;Strada Urbana;VIALE ANTONINO DI SAN GIULIANO;all'intersezione semaforizzata con;PIAZZALE DELLA FARNESINA;PIAZZALE DELLA FARNESINA;;;Scontro laterale fra veicoli in marcia;Intersezione semaforizzata;Due carreggiate;Asciutto;Asfaltata;Verticale ed orizzontale;Sereno;Normale;Buona;Ore Diurne;0;0;0;3;12.46102;41.93676;-1;1;Autovettura privata;In marcia / fermata / arresto;Passeggero;F;Illeso;0;;Non accertato;Inesploso
2622054;20;16/12/2015 15:30;Strada Urbana;VIALE ANTONINO DI SAN GIULIANO;all'intersezione semaforizzata con;PIAZZALE DELLA FARNESINA;PIAZZALE DELLA FARNESINA;;;Scontro laterale fra veicoli in marcia;Intersezione semaforizzata;Due carreggiate;Asciutto;Asfaltata;Verticale ed orizzontale;Sereno;Normale;Buona;Ore Diurne;0;0;0;3;12.46102;41.93676;-1;2;Autocarro inferiore 35 q.;In marcia / fermata / arresto;Conducente;M;Illeso;0;;Non accertato;Inesploso
2622057;9;16/12/2015 15:30;Strada Urbana;VIA MAGNAGRECIA;in prossimità;;del civico n.;7;;Scontro frontale/laterale SX fra veicoli in marcia;Rettilineo;Una carreggiata a doppio senso;Asciutto;Asfaltata;Verticale ed orizzontale;Sereno;Intenso;Buona;Ore Diurne;1;0;0;1;12.50957;41.88508;-1;1;Autovettura privata;In marcia / fermata / arresto;Conducente;F;Illeso;0;;Non accertato;Inesploso
2622057;9;16/12/2015 15:30;Strada Urbana;VIA MAGNAGRECIA;in prossimità;;del civico n.;7;;Scontro frontale/laterale SX fra veicoli in marcia;Rettilineo;Una carreggiata a doppio senso;Asciutto;Asfaltata;Verticale ed orizzontale;Sereno;Intenso;Buona;Ore Diurne;1;0;0;1;12.50957;41.88508;-1;2;Motociclo a solo;In marcia / fermata / arresto;Conducente;M;Rimandato;0;NON DECEDUTO;Non accertato;
2622080;12;15/12/2015 06:30;Strada Urbana;VIA CRISTOFORO COLOMBO;da specificare;;;;dir. Roma alt. immissione Via Algeria;Scontro laterale fra veicoli in marcia;Rettilineo;Due carreggiate;Asciutto;Asfaltata;Verticale ed orizzontale;Sereno;Intenso;Buona;Sufficiente;1;0;0;2;12.46303;41.81808;-1;1;Autovettura privata;In marcia / fermata / arresto;Conducente;F;Illeso;0;;Utilizzato;Inesploso
2622080;12;15/12/2015 06:30;Strada Urbana;VIA CRISTOFORO COLOMBO;da specificare;;;;dir. Roma alt. immissione Via Algeria;Scontro laterale fra veicoli in marcia;Rettilineo;Due carreggiate;Asciutto;Asfaltata;Verticale ed orizzontale;Sereno;Intenso;Buona;Sufficiente;1;0;0;2;12.46303;41.81808;-1;2;Autovettura privata;In marcia / fermata / arresto;Conducente;F;Rimandato;0;NON DECEDUTO;Utilizzato;Inesploso
2622080;12;15/12/2015 06:30;Strada Urbana;VIA CRISTOFORO COLOMBO;da specificare;;;;dir. Roma alt. immissione Via Algeria;Scontro laterale fra veicoli in marcia;Rettilineo;Due carreggiate;Asciutto;Asfaltata;Verticale ed orizzontale;Sereno;Intenso;Buona;Sufficiente;1;0;0;2;12.46303;41.81808;-1;3;Autocarro inferiore 35 q.;In marcia / fermata / arresto;Conducente;M;Illeso;0;;Utilizzato;Inesploso
2622100;12;15/12/2015 19:45;Provinciale;VIA LAURENTINA;in prossimità;;della chilometrica;10;;Veicolo in marcia contro ostacolo fisso;Curva a visuale libera;Due carreggiate;Asciutto;Asfaltata;Verticale ed orizzontale;Sereno;Normale;Insufficiente;Inesistente;1;0;0;0;12.48122;41.79105;-1;1;Motociclo a solo;In marcia / fermata / arresto;Conducente;M;Ricoverato;0;NON DECEDUTO;Utilizzato;
2622119;1;15/12/2015 13:00;Strada Urbana;PIAZZA DEL POPOLO;da specificare;;;;IN CORRISPONDENZA VIA F. DI SAVOIA;Investimento di pedone;Curva a visuale libera;Una carreggiata a senso unico di marcia;Asciutto;Acciotolata;Assente;Sereno;Normale;Buona;Ore Diurne;1;0;0;2;12.47636;41.9107;-1;;;;Pedone;M;Rimandato;0;NON DECEDUTO;;
2622119;1;15/12/2015 13:00;Strada Urbana;PIAZZA DEL POPOLO;da specificare;;;;IN CORRISPONDENZA VIA F. DI SAVOIA;Investimento di pedone;Curva a visuale libera;Una carreggiata a senso unico di marcia;Asciutto;Acciotolata;Assente;Sereno;Normale;Buona;Ore Diurne;1;0;0;2;12.47636;41.9107;-1;1;Autovettura privata;In marcia / fermata / arresto;Conducente;F;Illeso;0;;Non accertato;