Protocollo;Gruppo;DataOraIncidente;Localizzazione1;STRADA1;Localizzazione2;STRADA2;Strada02;Chilometrica;DaSpecificare;NaturaIncidente;particolaritastrade;TipoStrada;FondoStradale;Pavimentazione;Segnaletica;CondizioneAtmosferica;Traffico;Visibilita;Illuminazione;NUM_FERITI;NUM_RISERVATA;NUM_MORTI;NUM_ILLESI;Longitudine;Latitudine;Confermato;Progressivo;TipoVeicolo;StatoVeicolo;TipoPersona;Sesso;Tipolesione;Deceduto;DecedutoDopo;CinturaCascoUtilizzato;Airbag
2624640;18;14/12/2015 19:50;Strada Urbana;VIA SORISO;all'intersezione con;VIA S. GIOVANNI DELLA CROCE;VIA S. GIOVANNI DELLA CROCE;;;Scontro frontale/laterale DX fra veicoli in marcia;Intersezione stradale segnalata;Una carreggiata a doppio senso;Asciutto;Asfaltata;Verticale ed orizzontale;Sereno;Scarso;Buona;Sufficiente;0;0;0;3;12.407;41.90056;-1;2;Motociclo con passeggero;In marcia / fermata / arresto;Conducente;M;Illeso;0;;;
2624640;18;14/12/2015 19:50;Strada Urbana;VIA SORISO;all'intersezione con;VIA S. GIOVANNI DELLA CROCE;VIA S. GIOVANNI DELLA CROCE;;;Scontro frontale/laterale DX fra veicoli in marcia;Intersezione stradale segnalata;Una carreggiata a doppio senso;Asciutto;Asfaltata;Verticale ed orizzontale;Sereno;Scarso;Buona;Sufficiente;0;0;0;3;12.407;41.90056;-1;2;Motociclo con passeggero;In marcia / fermata / arresto;Passeggero;M;Illeso;0;;;
2624642;7;18/12/2015 12:10;Strada Urbana;LARGO AUGUSTO CORELLI;all'intersezione con;VIA DELIA;VIA DELIA;;;Veicolo in marcia contro veicolo in sosta;Incrocio;Due carreggiate;Asciutto;Asfaltata;Assente;Sereno;Intenso;Buona;Ore Diurne;0;0;0;2;12.61016;41.91398;-1;1;Autovettura privata;In marcia / fermata / arresto;Conducente;M;Illeso;0;;Non accertato;Inesploso
2624642;7;18/12/2015 12:10;Strada Urbana;LARGO AUGUSTO CORELLI;all'intersezione con;VIA DELIA;VIA DELIA;;;Veicolo in marcia contro veicolo in sosta;Incrocio;Due carreggiate;Asciutto;Asfaltata;Assente;Sereno;Intenso;Buona;Ore Diurne;0;0;0;2;12.61016;41.91398;-1;1;Autovettura privata;In marcia / fermata / arresto;Passeggero;M;Illeso;0;;Non accertato;Inesploso
2624755;23;17/12/2015 18:00;Strada Urbana;VIA CRISTOFORO COLOMBO;in corrispondenza;;della chilometrica;19.8;;Veicolo in marcia contro ostacolo accidentale;Rettilineo;Più di due carreggiate;Asciutto;Asfaltata;Assente;Sereno;Normale;Insufficiente;Inesistente;0;0;0;2;12.36757;41.75573;-1;1;Autovettura privata;In marcia / fermata / arresto;Conducente;F;Illeso;0;;Utilizzato;Inesploso
2624755;23;17/12/2015 18:00;Strada Urbana;VIA CRISTOFORO COLOMBO;in corrispondenza;;della chilometrica;19.8;;Veicolo in marcia contro ostacolo accidentale;Rettilineo;Più di due carreggiate;Asciutto;Asfaltata;Assente;Sereno;Normale;Insufficiente;Inesistente;0;0;0;2;12.36757;41.75573;-1;1;Autovettura privata;In marcia / fermata / arresto;Passeggero;M;Illeso;0;;Utilizzato;Inesploso
2624766;23;17/12/2015 18:00;Strada Urbana;VIA CRISTOFORO COLOMBO;in prossimità;;della chilometrica;19.8;;Veicolo in marcia contro ostacolo accidentale;Rettilineo;Più di due carreggiate;Asciutto;Asfaltata;Assente;Sereno;Normale;Insufficiente;Inesistente;0;0;0;1;12.37769;41.76098;-1;1;Autovettura privata;In marcia / fermata / arresto;Conducente;M;Illeso;0;;Utilizzato;
2624803;6;18/12/2015 13:30;Strada Urbana;VIALE GIOVANNI BATTISTA VALENTE;all'intersezione con;VIA GIORGIO PERLASCA;VIA GIORGIO PERLASCA;;;Scontro laterale fra veicoli in marcia;Incrocio;Una carreggiata a doppio senso;Asciutto;Asfaltata;Orizzontale;Sereno;Normale;Buona;Ore Diurne;0;0;0;3;12.56649;41.89985;-1;1;Autovettura privata;In marcia / fermata / arresto;Conducente;F;Illeso;0;;Non accertato;Inesploso
2624803;6;18/12/2015 13:30;Strada Urbana;VIALE GIOVANNI BATTISTA VALENTE;all'intersezione con;VIA GIORGIO PERLASCA;VIA GIORGIO PERLASCA;;;Scontro laterale fra veicoli in marcia;Incrocio;Una carreggiata a doppio senso;Asciutto;Asfaltata;Orizzontale;Sereno;Normale;Buona;Ore Diurne;0;0;0;3;12.56649;41.89985;-1;1;Autovettura privata;In marcia / fermata / arresto;Passeggero;M;Illeso;0;;Non accertato;Inesploso
2624803;6;18/12/2015 13:30;Strada Urbana;VIALE GIOVANNI BATTISTA VALENTE;all'intersezione con;VIA GIORGIO PERLASCA;VIA GIORGIO PERLASCA;;;Scontro laterale fra veicoli in marcia;Incrocio;Una carreggiata a doppio senso;Asciutto;Asfaltata;Orizzontale;Sereno;Normale;Buona;Ore Diurne;0;0;0;3;12.56649;41.89985;-1;2;Autovettura privata;In marcia / fermata / arresto;Conducente;F;Illeso;0;;Non accertato;Inesploso
2624828;11;18/12/2015 13:40;Strada Urbana;LARGO MAESTRI DEL LAVORO;da specificare;;;;prossimità Via S.Sernesi;Scontro laterale fra veicoli in marcia;Rettilineo;Due carreggiate;Asciutto;Asfaltata;Verticale ed orizzontale;Sereno;Normale;Buona;Ore Diurne;1;0;0;1;12.47412;41.84895;-1;1;Autovettura privata;In marcia / fermata / arresto;Conducente;M;Illeso;0;;;
2624828;11;18/12/2015 13:40;Strada Urbana;LARGO MAESTRI DEL LAVORO;da specificare;;;;prossimità Via S.Sernesi;Scontro laterale fra veicoli in marcia;Rettilineo;Due carreggiate;Asciutto;Asfaltata;Verticale ed orizzontale;Sereno;Normale;Buona;Ore Diurne;1;0;0;1;12.47412;41.84895;-1;2;Motociclo a solo;In marcia / fermata / arresto;Conducente;M;Rimandato;0;NON DECEDUTO;;
2624858;1;16/12/2015 14:00;Strada Urbana;VIA PIEMONTE;in prossimità;;del civico n.;75;;Veicolo in marcia contro veicolo fermo;Rettilineo;Una carreggiata a senso unico di marcia;Asciutto;Asfaltata;Verticale ed orizzontale;Sereno;Normale;Buona;Ore Diurne;1;0;0;2;12.49335;41.90902;-1;1;Motociclo a solo;In marcia / fermata / arresto;Conducente;F;Rifiuta cure immediate;0;NON DECEDUTO;Non accertato;
2624858;1;16/12/2015 14:00;Strada Urbana;VIA PIEMONTE;in prossimità;;del civico n.;75;;Veicolo in marcia contro veicolo fermo;Rettilineo;Una carreggiata a senso unico di marcia;Asciutto;Asfaltata;Verticale ed orizzontale;Sereno;Normale;Buona;Ore Diurne;1;0;0;2;12.49335;41.90902;-1;2;Autovettura pubblica;In marcia / fermata / arresto;Conducente;M;Illeso;0;;Non accertato;Inesploso
2624858;1;16/12/2015 14:00;Strada Urbana;VIA PIEMONTE;in prossimità;;del civico n.;75;;Veicolo in marcia contro veicolo fermo;Rettilineo;Una carreggiata a senso unico di marcia;Asciutto;Asfaltata;Verticale ed orizzontale;Sereno;Normale;Buona;Ore Diurne;1;0;0;2;12.49335;41.90902;-1;2;Autovettura pubblica;In marcia / fermata / arresto;Passeggero;M;Illeso;0;;Non accertato;
2624876;10;18/12/2015 10:45;Statale entro l'abitato;VIA TUSCOLANA;all'intersezione semaforizzata con;VIALE MARCO FULVIO NOBILIORE;VIALE MARCO FULVIO NOBILIORE;;;Tamponamento;Incrocio;Due carreggiate;Asciutto;Asfaltata;Verticale ed orizzontale;Sereno;Intenso;Buona;Ore Diurne;2;0;0;1;12.56274;41.85673;-1;1;Autovettura privata;In marcia / fermata / arresto;Conducente;M;Rimandato;0;NON DECEDUTO;Non accertato;Inesploso
2624876;10;18/12/2015 10:45;Statale entro l'abitato;VIA TUSCOLANA;all'intersezione semaforizzata con;VIALE MARCO FULVIO NOBILIORE;VIALE MARCO FULVIO NOBILIORE;;;Tamponamento;Incrocio;Due carreggiate;Asciutto;Asfaltata;Verticale ed orizzontale;Sereno;Intenso;Buona;Ore Diurne;2;0;0;1;12.56274;41.85673;-1;1;Autovettura privata;In marcia / fermata / arresto;Passeggero;F;Rimandato;0;NON DECEDUTO;Utilizzato;Inesploso
2624876;10;18/12/2015 10:45;Statale entro l'abitato;VIA TUSCOLANA;all'intersezione semaforizzata con;VIALE MARCO FULVIO NOBILIORE;VIALE MARCO FULVIO NOBILIORE;;;Tamponamento;Incrocio;Due carreggiate;Asciutto;Asfaltata;Verticale ed orizzontale;Sereno;Intenso;Buona;Ore Diurne;2;0;0;1;12.56274;41.85673;-1;2;Autovettura privata;In marcia / fermata / arresto;Conducente;M;Illeso;0;;Utilizzato;Inesploso
2624888;16;17/12/2015 16:10;Strada Urbana;VIA DELLA PISANA;in corrispondenza;;del civico n.;147;;Scontro laterale fra veicoli in marcia;Rettilineo;Una carreggiata a doppio senso;Asciutto;Asfaltata;Assente;Sereno;Normale;Buona;Ore Diurne;1;0;0;1;12.41784;41.88149;-1;1;Autovettura privata;In marcia / fermata / arresto;Conducente;M;Illeso;0;;Non accertato;Inesploso
2624888;16;17/12/2015 16:10;Strada Urbana;VIA DELLA PISANA;in corrispondenza;;del civico n.;147;;Scontro laterale fra veicoli in marcia;Rettilineo;Una carreggiata a doppio senso;Asciutto;Asfaltata;Assente;Sereno;Normale;Buona;Ore Diurne;1;0;0;1;12.41784;41.88149;-1;2;Motociclo a solo;In marcia / fermata / arresto;Conducente;M;Rimandato;0;NON DECEDUTO;Non accertato;
2624896;16;17/12/2015 22:50;Strada Urbana;VIA PORTUENSE;da specificare;;;;fronte civico 429;Scontro frontale/laterale SX fra veicoli in marcia;Rettilineo;Una carreggiata a doppio senso;Asciutto;Asfaltata;Verticale ed orizzontale;Sereno;Scarso;Buona;Sufficiente;1;0;0;2;12.45395;41.86271;-1;1;Autovettura privata;In marcia / fermata / arresto;Conducente;M;Illeso;0;;Non accertato;Inesploso
2624896;16;17/12/2015 22:50;Strada Urbana;VIA PORTUENSE;da specificare;;;;fronte civico 429;Scontro frontale/laterale SX fra veicoli in marcia;Rettilineo;Una carreggiata a doppio senso;Asciutto;Asfaltata;Verticale ed orizzontale;Sereno;Scarso;Buona;Sufficiente;1;0;0;2;12.45395;41.86271;-1;1;Autovettura privata;In marcia / fermata / arresto;Passeggero;M;Illeso;0;;Non accertato;
2624896;16;17/12/2015 22:50;Strada Urbana;VIA PORTUENSE;da specificare;;;;fronte civico 429;Scontro frontale/laterale SX fra veicoli in marcia;Rettilineo;Una carreggiata a doppio senso;Asciutto;Asfaltata;Verticale ed orizzontale;Sereno;Scarso;Buona;Sufficiente;1;0;0;2;12.45395;41.86271;-1;2;Motociclo a solo;In marcia / fermata / arresto;Conducente;M;Rimandato;0;NON DECEDUTO;Non accertato;
2624904;1;17/12/2015 00:20;Strada Urbana;VIA PRINCIPESSA CLOTILDE;all'intersezione con;VIA FERDINANDO DI SAVOIA;VIA FERDINANDO DI SAVOIA;;;Scontro laterale fra veicoli in marcia;Incrocio;Una carreggiata a doppio senso;Asciutto;Lastricata;Verticale ed orizzontale;Sereno;Scarso;Buona;Sufficiente;0;0;0;3;12.47499;41.91038;-1;1;Motociclo con passeggero;In marcia / fermata / arresto;Conducente;M;Illeso;0;;Non accertato;
2624904;1;17/12/2015 00:20;Strada Urbana;VIA PRINCIPESSA CLOTILDE;all'intersezione con;VIA FERDINANDO DI SAVOIA;VIA FERDINANDO DI SAVOIA;;;Scontro laterale fra veicoli in marcia;Incrocio;Una carreggiata a doppio senso;Asciutto;Lastricata;Verticale ed orizzontale;Sereno;Scarso;Buona;Sufficiente;0;0;0;3;12.47499;41.91038;-1;1;Motociclo con passeggero;In marcia / fermata / arresto;Passeggero;M;Illeso;0;;Non accertato;
2624904;1;17/12/2015 00:20;Strada Urbana;VIA PRINCIPESSA CLOTILDE;all'intersezione con;VIA FERDINANDO DI SAVOIA;VIA FERDINANDO DI SAVOIA;;;Scontro laterale fra veicoli in marcia;Incrocio;Una carreggiata a doppio senso;Asciutto;Lastricata;Verticale ed orizzontale;Sereno;Scarso;Buona;Sufficiente;0;0;0;3;12.47499;41.91038;-1;2;Autovettura privata;In marcia / fermata / arresto;Conducente;F;Illeso;0;;Non accertato;
2624919;16;18/12/2015 04:30;Strada Urbana;VIA DEL CAPPELLACCIO;da specificare;;;;cabina secondaria ACEA n. 5320;Veicolo in marcia contro ostacolo fisso;Curva senza visuale libera;Una carreggiata a doppio senso;Asciutto;Asfaltata;Assente;Sereno;Scarso;Insufficiente;Inesistente;0;0;0;1;12.45242;41.83243;-1;1;Autovettura privata;In marcia / fermata / arresto;Conducente;M;Illeso;0;;Non accertato;Inesploso
2624927;16;18/12/2015 10:35;Strada Urbana;VIA FELICE CAVALLOTTI;all'intersezione con;VIA CARLO PISACANE;VIA CARLO PISACANE;;;Scontro frontale/laterale SX fra veicoli in marcia;Incrocio;Una carreggiata a senso unico di marcia;Asciutto;Asfaltata;Verticale ed orizzontale;Sereno;Normale;Buona;Ore Diurne;0;0;0;3;12.46198;41.87788;-1;1;Autovettura privata;In marcia / fermata / arresto;Conducente;M;Illeso;0;;Non accertato;Inesploso
2624927;16;18/12/2015 10:35;Strada Urbana;VIA FELICE CAVALLOTTI;all'intersezione con;VIA CARLO PISACANE;VIA CARLO PISACANE;;;Scontro frontale/laterale SX fra veicoli in marcia;Incrocio;Una carreggiata a senso unico di marcia;Asciutto;Asfaltata;Verticale ed orizzontale;Sereno;Normale;Buona;Ore Diurne;0;0;0;3;12.46198;41.87788;-1;1;Autovettura privata;In marcia / fermata / arresto;Passeggero;F;Illeso;0;;Non accertato;Inesploso
2624927;16;18/12/2015 10:35;Strada Urbana;VIA FELICE CAVALLOTTI;all'intersezione con;VIA CARLO PISACANE;VIA CARLO PISACANE;;;Scontro frontale/laterale SX fra veicoli in marcia;Incrocio;Una carreggiata a senso unico di marcia;Asciutto;Asfaltata;Verticale ed orizzontale;Sereno;Normale;Buona;Ore Diurne;0;0;0;3;12.46198;41.87788;-1;2;Autovettura privata;In marcia / fermata / arresto;Conducente;M;Illeso;0;;Non accertato;Inesploso
2624947;1;17/12/2015 07:25;Strada Urbana;PIAZZA VENEZIA;da specificare;;;;ALTEZZA PIAZZA S. MARCO;Veicolo in marcia contro ostacolo accidentale;Curva a visuale libera;Una carreggiata a doppio senso;Viscido da liquidi oleosi;In cubetti di porfido;Verticale;Sereno;Scarso;Buona;Ore Diurne;0;0;0;1;12.48222;41.89553;-1;1;Motociclo a solo;In marcia / fermata / arresto;Conducente;M;Illeso;0;;Non accertato;
2624961;1;16/12/2015 15:10;Strada Urbana;VIA MERULANA;in prossimità;;del civico n.;FC239;;Investimento di pedone;Rettilineo;Una carreggiata a doppio senso;Asciutto;Asfaltata;Verticale ed orizzontale;Sereno;Normale;Buona;Ore Diurne;1;0;0;1;12.50014;41.89524;-1;;;;Pedone;M;Rimandato;0;NON DECEDUTO;;
2624961;1;16/12/2015 15:10;Strada Urbana;VIA MERULANA;in prossimità;;del civico n.;FC239;;Investimento di pedone;Rettilineo;Una carreggiata a doppio senso;Asciutto;Asfaltata;Verticale ed orizzontale;Sereno;Normale;Buona;Ore Diurne;1;0;0;1;12.50014;41.89524;-1;1;Motociclo a solo;In marcia / fermata / arresto;Conducente;M;Illeso;0;;Non accertato;
2624988;1;16/12/2015 20:10;Strada Urbana;VIALE DELLE TERME DI CARACALLA;in prossimità;;del palo luce n.;96;;Infortunio per caduta del veicolo;Rettilineo;Più di due carreggiate;Asciutto;Asfaltata;Orizzontale;Sereno;Normale;Sufficiente;Sufficiente;0;0;0;1;12.49516;41.87849;-1;1;Motociclo a solo;In marcia / fermata / arresto;Conducente;F;Illeso;0;;Non accertato;
2625022;1;16/12/2015 18:35;Strada Urbana;VIA ELENIANA;da specificare;;;;DIREZIONE PIAZZALE LABICANO;Scontro laterale fra veicoli in marcia;Rettilineo;Due carreggiate;Asciutto;Asfaltata;Verticale ed orizzontale;Sereno;Intenso;Buona;Sufficiente;0;0;0;2;12.51507;41.89065;-1;1;Autovettura privata;In marcia / fermata / arresto;Conducente;M;Illeso;0;;Non accertato;Inesploso
2625022;1;16/12/2015 18:35;Strada Urbana;VIA ELENIANA;da specificare;;;;DIREZIONE PIAZZALE LABICANO;Scontro laterale fra veicoli in marcia;Rettilineo;Due carreggiate;Asciutto;Asfaltata;Verticale ed orizzontale;Sereno;Intenso;Buona;Sufficiente;0;0;0;2;12.51507;41.89065;-1;2;Autovettura privata;In marcia / fermata / arresto;Conducente;F;Illeso;0;;Non accertato;Inesploso
2625042;1;16/12/2015 15:00;Strada Urbana;LUNGOTEVERE DEI PIERLEONI;all'intersezione con;VIA DEL FORO OLITORIO;VIA DEL FORO OLITORIO;;;Veicolo in marcia contro ostacolo accidentale;Incrocio;Una carreggiata a senso unico di marcia;Asciutto;Asfaltata;Verticale ed orizzontale;Sereno;Normale;Buona;Ore Diurne;0;0;0;1;12.47955;41.89059;-1;1;Motociclo a solo;In marcia / fermata / arresto;Conducente;M;Illeso;0;;Non accertato;
2625055;1;15/12/2015 20:20;Strada Urbana;PIAZZA DI PORTA CAPENA;in prossimità;;del palo luce n.;7;;Scontro laterale fra veicoli in marcia;Rettilineo;Una carreggiata a doppio senso;Asciutto;Asfaltata;Verticale ed orizzontale;Sereno;Normale;Sufficiente;Sufficiente;1;0;0;4;12.48915;41.88406;-1;1;Autovettura privata;In marcia / fermata / arresto;Conducente;F;Illeso;0;;Non accertato;Inesploso
2625055;1;15/12/2015 20:20;Strada Urbana;PIAZZA DI PORTA CAPENA;in prossimità;;del palo luce n.;7;;Scontro laterale fra veicoli in marcia;Rettilineo;Una carreggiata a doppio senso;Asciutto;Asfaltata;Verticale ed orizzontale;Sereno;Normale;Sufficiente;Sufficiente;1;0;0;4;12.48915;41.88406;-1;2;Autovettura privata;In marcia / fermata / arresto;Conducente;F;Illeso;0;;Non accertato;Inesploso
2625055;1;15/12/2015 20:20;Strada Urbana;PIAZZA DI PORTA CAPENA;in prossimità;;del palo luce n.;7;;Scontro laterale fra veicoli in marcia;Rettilineo;Una carreggiata a doppio senso;Asciutto;Asfaltata;Verticale ed orizzontale;Sereno;Normale;Sufficiente;Sufficiente;1;0;0;4;12.48915;41.88406;-1;2;Autovettura privata;In marcia / fermata / arresto;Passeggero;F;Illeso;0;;Non accertato;Inesploso
2625055;1;15/12/2015 20:20;Strada Urbana;PIAZZA DI PORTA CAPENA;in prossimità;;del palo luce n.;7;;Scontro laterale fra veicoli in marcia;Rettilineo;Una carreggiata a doppio senso;Asciutto;Asfaltata;Verticale ed orizzontale;Sereno;Normale;Sufficiente;Sufficiente;1;0;0;4;12.48915;41.88406;-1;2;Autovettura privata;In marcia / fermata / arresto;Passeggero;F;Illeso;0;;Non accertato;Inesploso
2625055;1;15/12/2015 20:20;Strada Urbana;PIAZZA DI PORTA CAPENA;in prossimità;;del palo luce n.;7;;Scontro laterale fra veicoli in marcia;Rettilineo;Una carreggiata a doppio senso;Asciutto;Asfaltata;Verticale ed orizzontale;Sereno;Normale;Sufficiente;Sufficiente;1;0;0;4;12.48915;41.88406;-1;3;Motociclo a solo;In marcia / fermata / arresto;Conducente;M;Rimandato;0;NON DECEDUTO;;
2625101;1;15/12/2015 19:15;Strada Urbana;VIA NICOLA SALVI;da specificare;;;;IN CORRISPONDENZA PIAZZA DEL COLOSSEO;Scontro laterale fra veicoli in marcia;Rettilineo;Più di due carreggiate;Asciutto;Asfaltata;Verticale ed orizzontale;Sereno;Intenso;Buona;Sufficiente;1;0;0;0;12.49422;41.8905;-1;1;Autovettura privata;In marcia / fermata / arresto;Conducente;F;Rimandato;0;NON DECEDUTO;Non accertato;
2625105;11;18/12/2015 16:00;Strada Urbana;VIA ANDREA MANTEGNA;all'intersezione semaforizzata con;VIALE DI TOR MARANCIA;VIALE DI TOR MARANCIA;;;Scontro laterale fra veicoli in marcia;Intersezione semaforizzata;Due carreggiate;Asciutto;Asfaltata;Verticale ed orizzontale;Sereno;Normale;Buona;Ore Diurne;1;0;0;1;12.49756;41.8535;-1;1;Motociclo con passeggero;In marcia / fermata / arresto;Conducente;M;Rimandato;0;NON DECEDUTO;;
2625105;11;18/12/2015 16:00;Strada Urbana;VIA ANDREA MANTEGNA;all'intersezione semaforizzata con;VIALE DI TOR MARANCIA;VIALE DI TOR MARANCIA;;;Scontro laterale fra veicoli in marcia;Intersezione semaforizzata;Due carreggiate;Asciutto;Asfaltata;Verticale ed orizzontale;Sereno;Normale;Buona;Ore Diurne;1;0;0;1;12.49756;41.8535;-1;2;Autovettura privata;In marcia / fermata / arresto;Conducente;F;Illeso;0;;;
2625118;10;18/12/2015 13:30;Strada Urbana;VIA ANAGNINA;all'intersezione semaforizzata con;VIA GASPERINA;VIA GASPERINA;;;Scontro laterale fra veicoli in marcia;Incrocio;Due carreggiate;Asciutto;Asfaltata;Verticale ed orizzontale;Sereno;Scarso;Buona;Ore Diurne;1;0;0;2;12.5975;41.83047;-1;1;Motociclo a solo;In marcia / fermata / arresto;Conducente;M;Rimandato;0;NON DECEDUTO;Non accertato;
2625118;10;18/12/2015 13:30;Strada Urbana;VIA ANAGNINA;all'intersezione semaforizzata con;VIA GASPERINA;VIA GASPERINA;;;Scontro laterale fra veicoli in marcia;Incrocio;Due carreggiate;Asciutto;Asfaltata;Verticale ed orizzontale;Sereno;Scarso;Buona;Ore Diurne;1;0;0;2;12.5975;41.83047;-1;2;Autovettura privata;In marcia / fermata / arresto;Conducente;F;Illeso;0;;Non accertato;Inesploso
2625118;10;18/12/2015 13:30;Strada Urbana;VIA ANAGNINA;all'intersezione semaforizzata con;VIA GASPERINA;VIA GASPERINA;;;Scontro laterale fra veicoli in marcia;Incrocio;Due carreggiate;Asciutto;Asfaltata;Verticale ed orizzontale;Sereno;Scarso;Buona;Ore Diurne;1;0;0;2;12.5975;41.83047;-1;2;Autovettura privata;In marcia / fermata / arresto;Passeggero;F;Illeso;0;;Non accertato;Inesploso
2625132;10;18/12/2015 16:00;Strada Urbana;VIA TUSCOLANA;in corrispondenza;;del civico n.;996;;Veicolo in marcia contro veicoli in sosta;Rettilineo;Una carreggiata a senso unico di marcia;Asciutto;Asfaltata;Orizzontale;Sereno;Normale;Buona;Ore Diurne;0;0;0;1;12.55406;41.86115;-1;1;Autovettura privata;Allontanatosi;Conducente;M;Illeso;0;;Non accertato;Inesploso
2625177;9;18/12/2015 09:30;Strada Urbana;VIA TOMMASO FORTIFIOCCA;all'intersezione con;VIA RAFFAELE DE CESARE;VIA RAFFAELE DE CESARE;;;Investimento di pedone;Incrocio;Una carreggiata a senso unico di marcia;Asciutto;Asfaltata;Verticale ed orizzontale;Sereno;Normale;Buona;Ore Diurne;1;0;0;1;12.52233;41.8711;-1;;;;Pedone;M;Rimandato;0;NON DECEDUTO;;
2625177;9;18/12/2015 09:30;Strada Urbana;VIA TOMMASO FORTIFIOCCA;all'intersezione con;VIA RAFFAELE DE CESARE;VIA RAFFAELE DE CESARE;;;Investimento di pedone;Incrocio;Una carreggiata a senso unico di marcia;Asciutto;Asfaltata;Verticale ed orizzontale;Sereno;Normale;Buona;Ore Diurne;1;0;0;1;12.52233;41.8711;-1;1;Autovettura privata;In marcia / fermata / arresto;Conducente;M;Illeso;0;;Non accertato;Inesploso
2625437;9;18/12/2015 15:35;Strada Urbana;VIA SATRICO;in prossimità;;del civico n.;50;;Tamponamento;Rettilineo;Una carreggiata a doppio senso;Asciutto;Asfaltata;Verticale ed orizzontale;Sereno;Normale;Buona;Ore Diurne;0;0;0;2;12.50833;41.87658;-1;1;Autovettura privata;In marcia / fermata / arresto;Conducente;M;Illeso;0;;Non accertato;Inesploso
2625437;9;18/12/2015 15:35;Strada Urbana;VIA SATRICO;in prossimità;;del civico n.;50;;Tamponamento;Rettilineo;Una carreggiata a doppio senso;Asciutto;Asfaltata;Verticale ed orizzontale;Sereno;Normale;Buona;Ore Diurne;0;0;0;2;12.50833;41.87658;-1;2;Autovettura privata;In marcia / fermata / arresto;Conducente;M;Illeso;0;;Non accertato;Inesploso
2625486;9;18/12/2015 17:30;Strada Urbana;VIA GALLIA;in prossimità;;del civico n.;200;;Scontro laterale fra veicoli in marcia;Rettilineo;Una carreggiata a doppio senso;Asciutto;Asfaltata;Verticale ed orizzontale;Sereno;Intenso;Sufficiente;Sufficiente;0;0;0;2;12.50705;41.88036;-1;1;Veicolo speciale;In marcia / fermata / arresto;Conducente;M;Illeso;0;;Non accertato;Inesploso
2625486;9;18/12/2015 17:30;Strada Urbana;VIA GALLIA;in prossimità;;del civico n.;200;;Scontro laterale fra veicoli in marcia;Rettilineo;Una carreggiata a doppio senso;Asciutto;Asfaltata;Verticale ed orizzontale;Sereno;Intenso;Sufficiente;Sufficiente;0;0;0;2;12.50705;41.88036;-1;2;Autovettura privata;In marcia / fermata / arresto;Conducente;F;Illeso;0;;Non accertato;Inesploso
2625487;1;17/12/2015 18:05;Strada Urbana;PIAZZA DELLA REPUBBLICA;in prossimità;;del palo luce n.;14;;Scontro laterale fra veicoli in marcia;Rotatoria;Una carreggiata a senso unico di marcia;Asciutto;In cubetti di porfido;Verticale ed orizzontale;Sereno;Intenso;Buona;Sufficiente;0;0;0;2;12.49596;41.90279;-1;1;Autovettura di polizia;In marcia / fermata / arresto;Conducente;M;Illeso;0;;Non accertato;
2625487;1;17/12/2015 18:05;Strada Urbana;PIAZZA DELLA REPUBBLICA;in prossimità;;del palo luce n.;14;;Scontro laterale fra veicoli in marcia;Rotatoria;Una carreggiata a senso unico di marcia;Asciutto;In cubetti di porfido;Verticale ed orizzontale;Sereno;Intenso;Buona;Sufficiente;0;0;0;2;12.49596;41.90279;-1;2;Autobus di linea;In marcia / fermata / arresto;Conducente;M;Illeso;0;;Non accertato;
2625492;1;17/12/2015 12:55;Strada Urbana;PIAZZA VENEZIA;in prossimità;;del civico n.;16;;Veicolo in marcia contro ostacolo accidentale;Rotatoria;Una carreggiata a senso unico di marcia;Asciutto;In cubetti di porfido;Orizzontale;Sereno;Normale;Buona;Ore Diurne;1;0;0;1;12.4828;41.89612;-1;1;Ciclomotore;In marcia / fermata / arresto;Conducente;M;Rifiuta cure immediate;0;NON DECEDUTO;Non accertato;
2625492;1;17/12/2015 12:55;Strada Urbana;PIAZZA VENEZIA;in prossimità;;del civico n.;16;;Veicolo in marcia contro ostacolo accidentale;Rotatoria;Una carreggiata a senso unico di marcia;Asciutto;In cubetti di porfido;Orizzontale;Sereno;Normale;Buona;Ore Diurne;1;0;0;1;12.4828;41.89612;-1;2;Velocipede;In marcia / fermata / arresto;Conducente;M;Illeso;0;;Esente;
2625535;15;19/12/2015 03:10;Strada Urbana;VIA ANTONIO PACINOTTI;in prossimità;;del civico n.;81;;Veicolo in marcia contro ostacolo fisso;Rettilineo;Due carreggiate;Asciutto;Asfaltata;Orizzontale;Sereno;Scarso;Buona;Sufficiente;0;0;0;1;12.47025;41.8716;-1;1;Autovettura privata;In marcia / fermata / arresto;Conducente;F;Illeso;0;;;
2625540;13;18/12/2015 10:35;Strada Urbana;VIA DELLE CAROLINE;in prossimità;;del palo luce n.;4;;Tamponamento;Rettilineo;Due carreggiate;Bagnato (pioggia);Asfaltata;Verticale ed orizzontale;Sereno;Normale;Buona;Ore Diurne;0;0;0;2;12.27554;41.73995;-1;1;Autocarro inferiore 35 q.;In marcia / fermata / arresto;Conducente;M;Illeso;0;;Non accertato;Inesploso
2625540;13;18/12/2015 10:35;Strada Urbana;VIA DELLE CAROLINE;in prossimità;;del palo luce n.;4;;Tamponamento;Rettilineo;Due carreggiate;Bagnato (pioggia);Asfaltata;Verticale ed orizzontale;Sereno;Normale;Buona;Ore Diurne;0;0;0;2;12.27554;41.73995;-1;2;Autovettura privata;In marcia / fermata / arresto;Conducente;M;Illeso;0;;Non accertato;Inesploso