Protocollo;Gruppo;DataOraIncidente;Localizzazione1;STRADA1;Localizzazione2;STRADA2;Strada02;Chilometrica;DaSpecificare;NaturaIncidente;particolaritastrade;TipoStrada;FondoStradale;Pavimentazione;Segnaletica;CondizioneAtmosferica;Traffico;Visibilita;Illuminazione;NUM_FERITI;NUM_RISERVATA;NUM_MORTI;NUM_ILLESI;Longitudine;Latitudine;Confermato;Progressivo;TipoVeicolo;StatoVeicolo;TipoPersona;Sesso;Tipolesione;Deceduto;DecedutoDopo;CinturaCascoUtilizzato;Airbag
2626076;15;19/12/2015 10:50;Strada Urbana;VIA PORTUENSE;in prossimità;;del civico n.;484;;Scontro laterale fra veicoli in marcia;Rettilineo;Una carreggiata a doppio senso;Asciutto;Asfaltata;Orizzontale;Nuvoloso;Normale;Buona;Ore Diurne;0;0;0;2;12.44934;41.85873;-1;2;Autovettura privata;In marcia / fermata / arresto;Conducente;F;Illeso;0;;Utilizzato;
2626082;15;19/12/2015 11:20;Comunale extraurbana;VIALE FRANCO D'AMICO;da specificare;;;;"altezza ingresso cargo ""Commercity""";Scontro laterale fra veicoli in marcia;Rotatoria;Una carreggiata a senso unico di marcia;Asciutto;Asfaltata;Verticale ed orizzontale;Nuvoloso;Scarso;Buona;Ore Diurne;0;0;0;4;12.33117;41.80621;-1;1;Autovettura privata;In marcia / fermata / arresto;Conducente;F;Illeso;0;;Utilizzato;
2626082;15;19/12/2015 11:20;Comunale extraurbana;VIALE FRANCO D'AMICO;da specificare;;;;"altezza ingresso cargo ""Commercity""";Scontro laterale fra veicoli in marcia;Rotatoria;Una carreggiata a senso unico di marcia;Asciutto;Asfaltata;Verticale ed orizzontale;Nuvoloso;Scarso;Buona;Ore Diurne;0;0;0;4;12.33117;41.80621;-1;1;Autovettura privata;In marcia / fermata / arresto;Passeggero;M;Illeso;0;;Utilizzato;
2626082;15;19/12/2015 11:20;Comunale extraurbana;VIALE FRANCO D'AMICO;da specificare;;;;"altezza ingresso cargo ""Commercity""";Scontro laterale fra veicoli in marcia;Rotatoria;Una carreggiata a senso unico di marcia;Asciutto;Asfaltata;Verticale ed orizzontale;Nuvoloso;Scarso;Buona;Ore Diurne;0;0;0;4;12.33117;41.80621;-1;2;Autovettura privata;In marcia / fermata / arresto;Conducente;F;Illeso;0;;Utilizzato;
2626082;15;19/12/2015 11:20;Comunale extraurbana;VIALE FRANCO D'AMICO;da specificare;;;;"altezza ingresso cargo ""Commercity""";Scontro laterale fra veicoli in marcia;Rotatoria;Una carreggiata a senso unico di marcia;Asciutto;Asfaltata;Verticale ed orizzontale;Nuvoloso;Scarso;Buona;Ore Diurne;0;0;0;4;12.33117;41.80621;-1;2;Autovettura privata;In marcia / fermata / arresto;Passeggero;F;Illeso;0;;Utilizzato;
2626112;10;19/12/2015 15:50;Strada Urbana;VIALE LUIGI SCHIAVONETTI;all'intersezione con;VIA MARY PANDOLFI DE RINALDIS;VIA MARY PANDOLFI DE RINALDIS;;;Scontro laterale fra veicoli in marcia;Rotatoria;Una carreggiata a senso unico di marcia;Asciutto;Asfaltata;Verticale ed orizzontale;Sereno;Intenso;Buona;Ore Diurne;0;0;0;3;12.6213;41.84149;-1;1;Autovettura privata;In marcia / fermata / arresto;Conducente;F;Illeso;0;;Non accertato;Inesploso
2626112;10;19/12/2015 15:50;Strada Urbana;VIALE LUIGI SCHIAVONETTI;all'intersezione con;VIA MARY PANDOLFI DE RINALDIS;VIA MARY PANDOLFI DE RINALDIS;;;Scontro laterale fra veicoli in marcia;Rotatoria;Una carreggiata a senso unico di marcia;Asciutto;Asfaltata;Verticale ed orizzontale;Sereno;Intenso;Buona;Ore Diurne;0;0;0;3;12.6213;41.84149;-1;2;Autovettura privata;In marcia / fermata / arresto;Conducente;M;Illeso;0;;Non accertato;Inesploso
2626112;10;19/12/2015 15:50;Strada Urbana;VIALE LUIGI SCHIAVONETTI;all'intersezione con;VIA MARY PANDOLFI DE RINALDIS;VIA MARY PANDOLFI DE RINALDIS;;;Scontro laterale fra veicoli in marcia;Rotatoria;Una carreggiata a senso unico di marcia;Asciutto;Asfaltata;Verticale ed orizzontale;Sereno;Intenso;Buona;Ore Diurne;0;0;0;3;12.6213;41.84149;-1;2;Autovettura privata;In marcia / fermata / arresto;Passeggero;F;Illeso;0;;Non accertato;Inesploso
2626197;2;19/12/2015 16:20;Strada Urbana;VIA PINCIANA;all'intersezione semaforizzata con;VIA GREGORIO ALLEGRI;VIA GREGORIO ALLEGRI;;;Tamponamento;Intersezione semaforizzata;Una carreggiata a doppio senso;Asciutto;Asfaltata;Verticale ed orizzontale;Sereno;Normale;Buona;Ore Diurne;0;0;0;3;12.49235;41.91222;-1;1;Autovettura pubblica;In marcia / fermata / arresto;Conducente;M;Illeso;0;;Non accertato;Inesploso
2626197;2;19/12/2015 16:20;Strada Urbana;VIA PINCIANA;all'intersezione semaforizzata con;VIA GREGORIO ALLEGRI;VIA GREGORIO ALLEGRI;;;Tamponamento;Intersezione semaforizzata;Una carreggiata a doppio senso;Asciutto;Asfaltata;Verticale ed orizzontale;Sereno;Normale;Buona;Ore Diurne;0;0;0;3;12.49235;41.91222;-1;2;Autovettura privata;In marcia / fermata / arresto;Conducente;M;Illeso;0;;Non accertato;Inesploso
2626197;2;19/12/2015 16:20;Strada Urbana;VIA PINCIANA;all'intersezione semaforizzata con;VIA GREGORIO ALLEGRI;VIA GREGORIO ALLEGRI;;;Tamponamento;Intersezione semaforizzata;Una carreggiata a doppio senso;Asciutto;Asfaltata;Verticale ed orizzontale;Sereno;Normale;Buona;Ore Diurne;0;0;0;3;12.49235;41.91222;-1;2;Autovettura privata;In marcia / fermata / arresto;Passeggero;F;Illeso;0;;Non accertato;Inesploso
2626204;5;18/12/2015 07:45;Strada Urbana;VIA DEL CASALE DI S. BASILIO;in prossimità;;del civico n.;49/51;;Scontro frontale/laterale DX fra veicoli in marcia;Rettilineo;Una carreggiata a doppio senso;Asciutto;Asfaltata;Verticale ed orizzontale;Sereno;Intenso;Buona;Ore Diurne;1;0;0;1;12.57127;41.94302;-1;1;Motociclo a solo;In marcia / fermata / arresto;Conducente;M;Rimandato;0;NON DECEDUTO;Non accertato;
2626204;5;18/12/2015 07:45;Strada Urbana;VIA DEL CASALE DI S. BASILIO;in prossimità;;del civico n.;49/51;;Scontro frontale/laterale DX fra veicoli in marcia;Rettilineo;Una carreggiata a doppio senso;Asciutto;Asfaltata;Verticale ed orizzontale;Sereno;Intenso;Buona;Ore Diurne;1;0;0;1;12.57127;41.94302;-1;2;Autovettura privata;In marcia / fermata / arresto;Conducente;M;Illeso;0;;Non accertato;Inesistente
2626212;5;18/12/2015 10:10;Strada Urbana;VIA GIUSEPPE ANTONIO ANDRIULLI;da specificare;;;;altezza inversione di marcia;Tamponamento;Rettilineo;Due carreggiate;Asciutto;Asfaltata;Verticale ed orizzontale;Sereno;Normale;Buona;Ore Diurne;1;0;0;1;12.55751;41.904;-1;1;Motociclo a solo;In marcia / fermata / arresto;Conducente;M;Illeso;0;;Non accertato;
2626212;5;18/12/2015 10:10;Strada Urbana;VIA GIUSEPPE ANTONIO ANDRIULLI;da specificare;;;;altezza inversione di marcia;Tamponamento;Rettilineo;Due carreggiate;Asciutto;Asfaltata;Verticale ed orizzontale;Sereno;Normale;Buona;Ore Diurne;1;0;0;1;12.55751;41.904;-1;2;Motociclo a solo;In marcia / fermata / arresto;Conducente;M;Rimandato;0;NON DECEDUTO;Non accertato;
2626222;5;18/12/2015 13:15;Strada Urbana;VIA DEI DURANTINI;all'intersezione con;VIA FILIPPO MEDA;VIA FILIPPO MEDA;;;Scontro laterale fra veicoli in marcia;Incrocio;Una carreggiata a doppio senso;Asciutto;Asfaltata;Verticale ed orizzontale;Sereno;Normale;Buona;Ore Diurne;1;0;0;1;12.5419;41.91277;-1;1;Autovettura privata;In marcia / fermata / arresto;Conducente;F;Illeso;0;;Non accertato;Inesistente
2626222;5;18/12/2015 13:15;Strada Urbana;VIA DEI DURANTINI;all'intersezione con;VIA FILIPPO MEDA;VIA FILIPPO MEDA;;;Scontro laterale fra veicoli in marcia;Incrocio;Una carreggiata a doppio senso;Asciutto;Asfaltata;Verticale ed orizzontale;Sereno;Normale;Buona;Ore Diurne;1;0;0;1;12.5419;41.91277;-1;2;Motociclo a solo;In marcia / fermata / arresto;Conducente;M;Rimandato;0;NON DECEDUTO;Non accertato;
2626231;5;18/12/2015 15:45;Strada Urbana;VIA DI PORTONACCIO;in prossimità;;del civico n.;72;;Veicolo in marcia contro ostacolo accidentale;Rettilineo;Due carreggiate;Asciutto;Asfaltata;Orizzontale;Sereno;Normale;Buona;Ore Diurne;1;0;0;1;12.53645;41.90162;-1;1;Motociclo a solo;In marcia / fermata / arresto;Conducente;M;Illeso;0;;Non accertato;
2626231;5;18/12/2015 15:45;Strada Urbana;VIA DI PORTONACCIO;in prossimità;;del civico n.;72;;Veicolo in marcia contro ostacolo accidentale;Rettilineo;Due carreggiate;Asciutto;Asfaltata;Orizzontale;Sereno;Normale;Buona;Ore Diurne;1;0;0;1;12.53645;41.90162;-1;2;Autovettura privata;In marcia / fermata / arresto;Conducente;M;Rimandato;0;NON DECEDUTO;Non accertato;
2626233;5;18/12/2015 20:40;Strada Urbana;VIA DI TOR CERVARA;all'intersezione con;VIA SALVIATI;VIA SALVIATI;;;Scontro frontale/laterale DX fra veicoli in marcia;Incrocio;Due carreggiate;Asciutto;Asfaltata;Verticale ed orizzontale;Sereno;Normale;Buona;Sufficiente;0;0;0;5;12.5888;41.90773;-1;1;Autovettura di polizia;In marcia / fermata / arresto;Conducente;M;Illeso;0;;Non accertato;Inesistente
2626233;5;18/12/2015 20:40;Strada Urbana;VIA DI TOR CERVARA;all'intersezione con;VIA SALVIATI;VIA SALVIATI;;;Scontro frontale/laterale DX fra veicoli in marcia;Incrocio;Due carreggiate;Asciutto;Asfaltata;Verticale ed orizzontale;Sereno;Normale;Buona;Sufficiente;0;0;0;5;12.5888;41.90773;-1;1;Autovettura di polizia;In marcia / fermata / arresto;Passeggero;M;Illeso;0;;Non accertato;Inesistente
2626233;5;18/12/2015 20:40;Strada Urbana;VIA DI TOR CERVARA;all'intersezione con;VIA SALVIATI;VIA SALVIATI;;;Scontro frontale/laterale DX fra veicoli in marcia;Incrocio;Due carreggiate;Asciutto;Asfaltata;Verticale ed orizzontale;Sereno;Normale;Buona;Sufficiente;0;0;0;5;12.5888;41.90773;-1;2;Autovettura privata;In marcia / fermata / arresto;Conducente;M;Illeso;0;;Non accertato;Inesistente
2626233;5;18/12/2015 20:40;Strada Urbana;VIA DI TOR CERVARA;all'intersezione con;VIA SALVIATI;VIA SALVIATI;;;Scontro frontale/laterale DX fra veicoli in marcia;Incrocio;Due carreggiate;Asciutto;Asfaltata;Verticale ed orizzontale;Sereno;Normale;Buona;Sufficiente;0;0;0;5;12.5888;41.90773;-1;2;Autovettura privata;In marcia / fermata / arresto;Passeggero;M;Illeso;0;;Non accertato;Inesistente
2626233;5;18/12/2015 20:40;Strada Urbana;VIA DI TOR CERVARA;all'intersezione con;VIA SALVIATI;VIA SALVIATI;;;Scontro frontale/laterale DX fra veicoli in marcia;Incrocio;Due carreggiate;Asciutto;Asfaltata;Verticale ed orizzontale;Sereno;Normale;Buona;Sufficiente;0;0;0;5;12.5888;41.90773;-1;2;Autovettura privata;In marcia / fermata / arresto;Passeggero;F;Illeso;0;;Non accertato;Inesistente
2626240;5;19/12/2015 13:00;Strada Urbana;VIA OSIMO;in prossimità;;del civico n.;52 B;;Veicolo in marcia contro veicolo in sosta;Rettilineo;Una carreggiata a doppio senso;Asciutto;Asfaltata;Assente;Sereno;Normale;Buona;Ore Diurne;0;0;0;1;12.58384;41.93558;-1;1;Autovettura privata;In marcia / fermata / arresto;Conducente;M;Illeso;0;;Non accertato;Inesploso
2626275;15;19/12/2015 16:30;Strada Urbana;VIA GIOVANNI VOLPATO;da specificare;;;;fronte civico 13;Tamponamento;Rettilineo;Una carreggiata a doppio senso;Asciutto;Asfaltata;Orizzontale;Sereno;Normale;Buona;Ore Diurne;1;0;0;3;12.46746;41.87143;-1;1;Autovettura privata;In marcia / fermata / arresto;Conducente;M;Illeso;0;;Utilizzato;
2626275;15;19/12/2015 16:30;Strada Urbana;VIA GIOVANNI VOLPATO;da specificare;;;;fronte civico 13;Tamponamento;Rettilineo;Una carreggiata a doppio senso;Asciutto;Asfaltata;Orizzontale;Sereno;Normale;Buona;Ore Diurne;1;0;0;3;12.46746;41.87143;-1;1;Autovettura privata;In marcia / fermata / arresto;Passeggero;F;Illeso;0;;Utilizzato;
2626275;15;19/12/2015 16:30;Strada Urbana;VIA GIOVANNI VOLPATO;da specificare;;;;fronte civico 13;Tamponamento;Rettilineo;Una carreggiata a doppio senso;Asciutto;Asfaltata;Orizzontale;Sereno;Normale;Buona;Ore Diurne;1;0;0;3;12.46746;41.87143;-1;1;Autovettura privata;In marcia / fermata / arresto;Passeggero;F;Illeso;0;;Utilizzato;
2626275;15;19/12/2015 16:30;Strada Urbana;VIA GIOVANNI VOLPATO;da specificare;;;;fronte civico 13;Tamponamento;Rettilineo;Una carreggiata a doppio senso;Asciutto;Asfaltata;Orizzontale;Sereno;Normale;Buona;Ore Diurne;1;0;0;3;12.46746;41.87143;-1;2;Velocipede;In marcia / fermata / arresto;Conducente;M;Rimandato;0;NON DECEDUTO;Esente;
2626276;8;19/12/2015 13:00;Strada Urbana;VIA BRONTE;all'intersezione con;VIA CASTELVETRANO;VIA CASTELVETRANO;;;Scontro frontale/laterale DX fra veicoli in marcia;Incrocio;Una carreggiata a senso unico di marcia;Asciutto;Asfaltata;Verticale ed orizzontale;Sereno;Scarso;Sufficiente;Ore Diurne;6;0;0;0;12.66682;41.85703;-1;1;Autovettura privata;In marcia / fermata / arresto;Conducente;M;Rifiuta cure immediate;0;NON DECEDUTO;Non accertato;Inesploso
2626276;8;19/12/2015 13:00;Strada Urbana;VIA BRONTE;all'intersezione con;VIA CASTELVETRANO;VIA CASTELVETRANO;;;Scontro frontale/laterale DX fra veicoli in marcia;Incrocio;Una carreggiata a senso unico di marcia;Asciutto;Asfaltata;Verticale ed orizzontale;Sereno;Scarso;Sufficiente;Ore Diurne;6;0;0;0;12.66682;41.85703;-1;2;Autovettura privata;In marcia / fermata / arresto;Conducente;M;Rimandato;0;NON DECEDUTO;Non accertato;Inesploso
2626276;8;19/12/2015 13:00;Strada Urbana;VIA BRONTE;all'intersezione con;VIA CASTELVETRANO;VIA CASTELVETRANO;;;Scontro frontale/laterale DX fra veicoli in marcia;Incrocio;Una carreggiata a senso unico di marcia;Asciutto;Asfaltata;Verticale ed orizzontale;Sereno;Scarso;Sufficiente;Ore Diurne;6;0;0;0;12.66682;41.85703;-1;2;Autovettura privata;In marcia / fermata / arresto;Passeggero;F;Rimandato;0;NON DECEDUTO;Non accertato;Inesploso
2626276;8;19/12/2015 13:00;Strada Urbana;VIA BRONTE;all'intersezione con;VIA CASTELVETRANO;VIA CASTELVETRANO;;;Scontro frontale/laterale DX fra veicoli in marcia;Incrocio;Una carreggiata a senso unico di marcia;Asciutto;Asfaltata;Verticale ed orizzontale;Sereno;Scarso;Sufficiente;Ore Diurne;6;0;0;0;12.66682;41.85703;-1;2;Autovettura privata;In marcia / fermata / arresto;Passeggero;M;Rimandato;0;NON DECEDUTO;Non accertato;Inesploso
2626276;8;19/12/2015 13:00;Strada Urbana;VIA BRONTE;all'intersezione con;VIA CASTELVETRANO;VIA CASTELVETRANO;;;Scontro frontale/laterale DX fra veicoli in marcia;Incrocio;Una carreggiata a senso unico di marcia;Asciutto;Asfaltata;Verticale ed orizzontale;Sereno;Scarso;Sufficiente;Ore Diurne;6;0;0;0;12.66682;41.85703;-1;2;Autovettura privata;In marcia / fermata / arresto;Passeggero;F;Rimandato;0;NON DECEDUTO;Non accertato;Inesploso
2626276;8;19/12/2015 13:00;Strada Urbana;VIA BRONTE;all'intersezione con;VIA CASTELVETRANO;VIA CASTELVETRANO;;;Scontro frontale/laterale DX fra veicoli in marcia;Incrocio;Una carreggiata a senso unico di marcia;Asciutto;Asfaltata;Verticale ed orizzontale;Sereno;Scarso;Sufficiente;Ore Diurne;6;0;0;0;12.66682;41.85703;-1;2;Autovettura privata;In marcia / fermata / arresto;Passeggero;M;Rimandato;0;NON DECEDUTO;Non accertato;Inesploso
2626280;8;19/12/2015 16:15;Strada Urbana;VIA DI TOR VERGATA;in prossimità;;del civico n.;55;;Veicolo in marcia contro ostacolo accidentale;Rettilineo;Una carreggiata a doppio senso;Asciutto;Con buche;Verticale ed orizzontale;Sereno;Normale;Buona;Ore Diurne;0;0;0;2;12.62201;41.86;-1;1;Autovettura privata;In marcia / fermata / arresto;Conducente;F;Illeso;0;;Non accertato;Inesploso
2626280;8;19/12/2015 16:15;Strada Urbana;VIA DI TOR VERGATA;in prossimità;;del civico n.;55;;Veicolo in marcia contro ostacolo accidentale;Rettilineo;Una carreggiata a doppio senso;Asciutto;Con buche;Verticale ed orizzontale;Sereno;Normale;Buona;Ore Diurne;0;0;0;2;12.62201;41.86;-1;1;Autovettura privata;In marcia / fermata / arresto;Passeggero;F;Illeso;0;;Non accertato;Inesploso
2626283;8;19/12/2015 17:15;Strada Urbana;VIALE DI TORRE MAURA;in prossimità;;del civico n.;65;;Veicolo in marcia contro ostacolo accidentale;Rettilineo;Una carreggiata a senso unico di marcia;Asciutto;Con buche;Verticale ed orizzontale;Sereno;Normale;Sufficiente;Sufficiente;0;0;0;1;12.59243;41.86061;-1;1;Autovettura privata;In marcia / fermata / arresto;Conducente;M;Illeso;0;;Non accertato;Inesploso
2626593;8;19/12/2015 20:30;Strada Urbana;VIA DEL PONTE DI NONA;in prossimità;;del civico n.;81;;Veicolo in marcia contro ostacolo accidentale;Rettilineo;Una carreggiata a doppio senso;Asciutto;Asfaltata;Orizzontale;Sereno;Normale;Sufficiente;Sufficiente;0;0;0;2;12.66112;41.89944;-1;1;Autovettura privata;In marcia / fermata / arresto;Conducente;M;Illeso;0;;Non accertato;Inesploso
2626593;8;19/12/2015 20:30;Strada Urbana;VIA DEL PONTE DI NONA;in prossimità;;del civico n.;81;;Veicolo in marcia contro ostacolo accidentale;Rettilineo;Una carreggiata a doppio senso;Asciutto;Asfaltata;Orizzontale;Sereno;Normale;Sufficiente;Sufficiente;0;0;0;2;12.66112;41.89944;-1;1;Autovettura privata;In marcia / fermata / arresto;Passeggero;F;Illeso;0;;Non accertato;Inesploso
2626594;13;19/12/2015 08:40;Provinciale entro l'abitato;VIA LITORANEA;all'intersezione con;VIA ENRICO BESANA;VIA ENRICO BESANA;;;Scontro frontale fra veicoli in marcia;Incrocio;Una carreggiata a doppio senso;Asciutto;Asfaltata;Orizzontale;Sereno;Scarso;Buona;Ore Diurne;1;0;0;1;12.37354;41.68762;-1;1;Autoarticolato;In marcia / fermata / arresto;Conducente;M;Illeso;0;;Non accertato;Inesploso
2626594;13;19/12/2015 08:40;Provinciale entro l'abitato;VIA LITORANEA;all'intersezione con;VIA ENRICO BESANA;VIA ENRICO BESANA;;;Scontro frontale fra veicoli in marcia;Incrocio;Una carreggiata a doppio senso;Asciutto;Asfaltata;Orizzontale;Sereno;Scarso;Buona;Ore Diurne;1;0;0;1;12.37354;41.68762;-1;2;Velocipede;In marcia / fermata / arresto;Conducente;M;Rimandato;0;NON DECEDUTO;Esente;
2626606;8;19/12/2015 21:10;Strada Urbana;VIA CASILINA;all'intersezione con;VIA DI TOR BELLA MONACA;VIA DI TOR BELLA MONACA;;;Veicolo in marcia contro ostacolo accidentale;Intersezione stradale segnalata;Due carreggiate;Asciutto;Asfaltata;Verticale ed orizzontale;Nuvoloso;Normale;Buona;Sufficiente;0;0;0;1;12.60933;41.86405;-1;1;Autovettura privata;In marcia / fermata / arresto;Conducente;M;Illeso;0;;Non accertato;Inesploso
2626607;8;19/12/2015 20:30;Strada Urbana;VIA DI TOR VERGATA;in prossimità;;del civico n.;20;;Veicolo in marcia contro ostacolo accidentale;Curva a visuale libera;Una carreggiata a doppio senso;Asciutto;Asfaltata;Orizzontale;Nuvoloso;Scarso;Buona;Sufficiente;0;0;0;1;12.62167;41.86011;-1;1;Autovettura privata;In marcia / fermata / arresto;Conducente;M;Illeso;0;;Non accertato;Inesploso
2626609;8;19/12/2015 21:25;Strada Urbana;VIA DEL PONTE DI NONA;in prossimità;;del civico n.;81;;Veicolo in marcia contro ostacolo accidentale;Rettilineo;Una carreggiata a doppio senso;Asciutto;Asfaltata;Orizzontale;Nuvoloso;Normale;Buona;Sufficiente;0;0;0;2;12.66686;41.89119;-1;1;Autovettura privata;In marcia / fermata / arresto;Conducente;M;Illeso;0;;Non accertato;Inesploso
2626609;8;19/12/2015 21:25;Strada Urbana;VIA DEL PONTE DI NONA;in prossimità;;del civico n.;81;;Veicolo in marcia contro ostacolo accidentale;Rettilineo;Una carreggiata a doppio senso;Asciutto;Asfaltata;Orizzontale;Nuvoloso;Normale;Buona;Sufficiente;0;0;0;2;12.66686;41.89119;-1;1;Autovettura privata;In marcia / fermata / arresto;Passeggero;F;Illeso;0;;Non accertato;Inesploso
2626612;8;20/12/2015 01:50;Strada Urbana;VIA TUSCOLANA;all'intersezione con;VIA DEL MURO LINARI;VIA DEL MURO LINARI;;;Veicolo in marcia contro ostacolo fisso;Incrocio;Due carreggiate;Asciutto;Asfaltata;Orizzontale;Nebbia;Scarso;Buona;Sufficiente;1;0;0;0;12.57887;41.84638;-1;1;Autovettura privata;In marcia / fermata / arresto;Conducente;M;Rifiuta cure immediate;0;NON DECEDUTO;Non accertato;Inesploso
2626614;13;19/12/2015 10:30;Strada Urbana;VIA GIUSEPPE ANTONIO BORGESE;all'intersezione con;VIA VINCENZO ERRANTE;VIA VINCENZO ERRANTE;;;Scontro frontale/laterale SX fra veicoli in marcia;Incrocio;Una carreggiata a doppio senso;Asciutto;Asfaltata;Assente;Nuvoloso;Scarso;Buona;Ore Diurne;0;0;0;2;12.3453;41.73021;-1;1;Autocarro inferiore 35 q.;In marcia / fermata / arresto;Conducente;M;Illeso;0;;Utilizzato;
2626614;13;19/12/2015 10:30;Strada Urbana;VIA GIUSEPPE ANTONIO BORGESE;all'intersezione con;VIA VINCENZO ERRANTE;VIA VINCENZO ERRANTE;;;Scontro frontale/laterale SX fra veicoli in marcia;Incrocio;Una carreggiata a doppio senso;Asciutto;Asfaltata;Assente;Nuvoloso;Scarso;Buona;Ore Diurne;0;0;0;2;12.3453;41.73021;-1;2;Autovettura privata;In marcia / fermata / arresto;Conducente;M;Illeso;0;;Utilizzato;
2626616;20;19/12/2015 18:00;Strada Urbana;VIA DI QUARTO PEPERINO;in corrispondenza;;del civico n.;10;;Veicolo in marcia contro veicolo fermo;Rettilineo;Una carreggiata a doppio senso;Asciutto;Asfaltata;Orizzontale;Sereno;Scarso;Buona;Sufficiente;0;0;0;4;12.4872;41.97998;-1;1;Autovettura privata;In marcia / fermata / arresto;Conducente;M;Illeso;0;;Non accertato;Inesploso
2626616;20;19/12/2015 18:00;Strada Urbana;VIA DI QUARTO PEPERINO;in corrispondenza;;del civico n.;10;;Veicolo in marcia contro veicolo fermo;Rettilineo;Una carreggiata a doppio senso;Asciutto;Asfaltata;Orizzontale;Sereno;Scarso;Buona;Sufficiente;0;0;0;4;12.4872;41.97998;-1;1;Autovettura privata;In marcia / fermata / arresto;Passeggero;F;Illeso;0;;Non accertato;Inesploso
2626616;20;19/12/2015 18:00;Strada Urbana;VIA DI QUARTO PEPERINO;in corrispondenza;;del civico n.;10;;Veicolo in marcia contro veicolo fermo;Rettilineo;Una carreggiata a doppio senso;Asciutto;Asfaltata;Orizzontale;Sereno;Scarso;Buona;Sufficiente;0;0;0;4;12.4872;41.97998;-1;2;Quadriciclo leggero;In marcia / fermata / arresto;Conducente;M;Illeso;0;;Non accertato;Inesploso
2626616;20;19/12/2015 18:00;Strada Urbana;VIA DI QUARTO PEPERINO;in corrispondenza;;del civico n.;10;;Veicolo in marcia contro veicolo fermo;Rettilineo;Una carreggiata a doppio senso;Asciutto;Asfaltata;Orizzontale;Sereno;Scarso;Buona;Sufficiente;0;0;0;4;12.4872;41.97998;-1;2;Quadriciclo leggero;In marcia / fermata / arresto;Passeggero;M;Illeso;0;;Non accertato;Inesploso
2626625;20;19/12/2015 21:00;Provinciale entro l'abitato;VIA BRACCIANENSE;in corrispondenza;;della chilometrica;7.4;;Tamponamento;Rettilineo;Una carreggiata a doppio senso;Asciutto;Asfaltata;Verticale;Sereno;Normale;Sufficiente;Inesistente;1;0;0;1;12.37284;42.01049;-1;1;Autovettura privata;In marcia / fermata / arresto;Conducente;M;Rimandato;0;NON DECEDUTO;Non accertato;Esploso
2626625;20;19/12/2015 21:00;Provinciale entro l'abitato;VIA BRACCIANENSE;in corrispondenza;;della chilometrica;7.4;;Tamponamento;Rettilineo;Una carreggiata a doppio senso;Asciutto;Asfaltata;Verticale;Sereno;Normale;Sufficiente;Inesistente;1;0;0;1;12.37284;42.01049;-1;2;Autovettura privata;In marcia / fermata / arresto;Conducente;M;Illeso;0;;Non accertato;Esploso
2626636;13;19/12/2015 13:20;Strada Urbana;VIA DI ACILIA;all'intersezione con;VIA MIMNERMO;VIA MIMNERMO;;;Scontro frontale/laterale DX fra veicoli in marcia;Intersezione stradale segnalata;Una carreggiata a doppio senso;Asciutto;Asfaltata;Verticale ed orizzontale;Sereno;Normale;Buona;Ore Diurne;0;0;0;3;12.37789;41.768;-1;1;Autovettura privata;In marcia / fermata / arresto;Conducente;M;Illeso;0;;Non accertato;
2626636;13;19/12/2015 13:20;Strada Urbana;VIA DI ACILIA;all'intersezione con;VIA MIMNERMO;VIA MIMNERMO;;;Scontro frontale/laterale DX fra veicoli in marcia;Intersezione stradale segnalata;Una carreggiata a doppio senso;Asciutto;Asfaltata;Verticale ed orizzontale;Sereno;Normale;Buona;Ore Diurne;0;0;0;3;12.37789;41.768;-1;2;Autovettura privata;In marcia / fermata / arresto;Conducente;F;Illeso;0;;Non accertato;
2626636;13;19/12/2015 13:20;Strada Urbana;VIA DI ACILIA;all'intersezione con;VIA MIMNERMO;VIA MIMNERMO;;;Scontro frontale/laterale DX fra veicoli in marcia;Intersezione stradale segnalata;Una carreggiata a doppio senso;Asciutto;Asfaltata;Verticale ed orizzontale;Sereno;Normale;Buona;Ore Diurne;0;0;0;3;12.37789;41.768;-1;2;Autovettura privata;In marcia / fermata / arresto;Passeggero;F;Illeso;0;;Non accertato;
2626652;20;20/12/2015 00:05;Strada Urbana;VIA MONTE GIBERTO;all'intersezione con;VIADOTTO GIUSEPPE SARAGAT;VIADOTTO GIUSEPPE SARAGAT;;;Tamponamento;Incrocio;Una carreggiata a senso unico di marcia;Asciutto;Asfaltata;Verticale ed orizzontale;Sereno;Scarso;Buona;Sufficiente;2;0;0;3;12.51531;41.97827;-1;1;Autovettura privata;In marcia / fermata / arresto;Conducente;M;Rifiuta cure immediate;0;NON DECEDUTO;Non accertato;Inesploso
2626652;20;20/12/2015 00:05;Strada Urbana;VIA MONTE GIBERTO;all'intersezione con;VIADOTTO GIUSEPPE SARAGAT;VIADOTTO GIUSEPPE SARAGAT;;;Tamponamento;Incrocio;Una carreggiata a senso unico di marcia;Asciutto;Asfaltata;Verticale ed orizzontale;Sereno;Scarso;Buona;Sufficiente;2;0;0;3;12.51531;41.97827;-1;1;Autovettura privata;In marcia / fermata / arresto;Passeggero;F;Rifiuta cure immediate;0;NON DECEDUTO;Non accertato;Inesploso
2626652;20;20/12/2015 00:05;Strada Urbana;VIA MONTE GIBERTO;all'intersezione con;VIADOTTO GIUSEPPE SARAGAT;VIADOTTO GIUSEPPE SARAGAT;;;Tamponamento;Incrocio;Una carreggiata a senso unico di marcia;Asciutto;Asfaltata;Verticale ed orizzontale;Sereno;Scarso;Buona;Sufficiente;2;0;0;3;12.51531;41.97827;-1;2;Autovettura privata;In marcia / fermata / arresto;Conducente;M;Illeso;0;;Non accertato;Inesploso