Protocollo;Gruppo;DataOraIncidente;Localizzazione1;STRADA1;Localizzazione2;STRADA2;Strada02;Chilometrica;DaSpecificare;NaturaIncidente;particolaritastrade;TipoStrada;FondoStradale;Pavimentazione;Segnaletica;CondizioneAtmosferica;Traffico;Visibilita;Illuminazione;NUM_FERITI;NUM_RISERVATA;NUM_MORTI;NUM_ILLESI;Longitudine;Latitudine;Confermato;Progressivo;TipoVeicolo;StatoVeicolo;TipoPersona;Sesso;Tipolesione;Deceduto;DecedutoDopo;CinturaCascoUtilizzato;Airbag
2630148;23;20/12/2015 11:00;Strada Urbana;PIAZZALE CRISTOFORO COLOMBO;all'intersezione con;VIA CRISTOFORO COLOMBO;VIA CRISTOFORO COLOMBO;;;Scontro laterale fra veicoli in marcia;Intersezione stradale segnalata;Una carreggiata a senso unico di marcia;Asciutto;Asfaltata;Orizzontale;Sereno;Scarso;Buona;Ore Diurne;0;0;0;2;12.31933;41.71615;-1;2;Velocipede;In marcia / fermata / arresto;Conducente;M;Illeso;0;;Esente;
2630150;18;17/12/2015 15:45;Strada Urbana;VIA DI TORREVECCHIA;da specificare;;;;FRONTE CIVICO 997;Veicolo in marcia contro ostacolo accidentale;Rettilineo;Una carreggiata a doppio senso;Asciutto;Asfaltata;Verticale ed orizzontale;Sereno;Intenso;Buona;Ore Diurne;0;0;0;1;12.41076;41.92141;-1;1;Autovettura privata;In marcia / fermata / arresto;Conducente;M;Illeso;0;;Non accertato;Inesploso
2630172;23;21/12/2015 02:30;Strada Urbana;VIA OSTIENSE;in corrispondenza;;della chilometrica;6.2;;Ribaltamento senza urto contro ostacolo fisso;Rettilineo;Una carreggiata a doppio senso;Bagnato (umidità in atto);Asfaltata;Verticale ed orizzontale;Pioggia in atto;Scarso;Insufficiente;Insufficiente;1;0;0;0;12.45895;41.83686;-1;1;Motociclo a solo;In marcia / fermata / arresto;Conducente;F;Ricoverato;0;NON DECEDUTO;Non accertato;
2630176;1;20/12/2015 18:40;Strada Urbana;VIA DEI MILLE;all'intersezione con;VIA MILAZZO;VIA MILAZZO;;;Scontro frontale/laterale DX fra veicoli in marcia;Incrocio;Una carreggiata a senso unico di marcia;Asciutto;Asfaltata;Verticale;Sereno;Scarso;Buona;Sufficiente;2;0;0;2;12.50491;41.90236;-1;1;Autovettura privata;In marcia / fermata / arresto;Conducente;M;Illeso;0;;;
2630176;1;20/12/2015 18:40;Strada Urbana;VIA DEI MILLE;all'intersezione con;VIA MILAZZO;VIA MILAZZO;;;Scontro frontale/laterale DX fra veicoli in marcia;Incrocio;Una carreggiata a senso unico di marcia;Asciutto;Asfaltata;Verticale;Sereno;Scarso;Buona;Sufficiente;2;0;0;2;12.50491;41.90236;-1;1;Autovettura privata;In marcia / fermata / arresto;Passeggero;F;Rimandato;0;NON DECEDUTO;;
2630176;1;20/12/2015 18:40;Strada Urbana;VIA DEI MILLE;all'intersezione con;VIA MILAZZO;VIA MILAZZO;;;Scontro frontale/laterale DX fra veicoli in marcia;Incrocio;Una carreggiata a senso unico di marcia;Asciutto;Asfaltata;Verticale;Sereno;Scarso;Buona;Sufficiente;2;0;0;2;12.50491;41.90236;-1;1;Autovettura privata;In marcia / fermata / arresto;Passeggero;M;Rimandato;0;NON DECEDUTO;;
2630176;1;20/12/2015 18:40;Strada Urbana;VIA DEI MILLE;all'intersezione con;VIA MILAZZO;VIA MILAZZO;;;Scontro frontale/laterale DX fra veicoli in marcia;Incrocio;Una carreggiata a senso unico di marcia;Asciutto;Asfaltata;Verticale;Sereno;Scarso;Buona;Sufficiente;2;0;0;2;12.50491;41.90236;-1;2;Autovettura privata;In marcia / fermata / arresto;Conducente;F;Illeso;0;;;
2630177;6;22/12/2015 17:45;Strada Urbana;VIA TOR DE' SCHIAVI;all'intersezione con;VIA FEDERICO DELPINO;VIA FEDERICO DELPINO;;;Investimento di pedone;Intersezione semaforizzata;Una carreggiata a senso unico di marcia;Asciutto;Asfaltata;Verticale ed orizzontale;Sereno;Normale;Buona;Sufficiente;1;0;0;3;12.56072;41.89071;-1;;;;Pedone;M;Rifiuta cure immediate;0;NON DECEDUTO;;
2630177;6;22/12/2015 17:45;Strada Urbana;VIA TOR DE' SCHIAVI;all'intersezione con;VIA FEDERICO DELPINO;VIA FEDERICO DELPINO;;;Investimento di pedone;Intersezione semaforizzata;Una carreggiata a senso unico di marcia;Asciutto;Asfaltata;Verticale ed orizzontale;Sereno;Normale;Buona;Sufficiente;1;0;0;3;12.56072;41.89071;-1;;;;Pedone;M;Illeso;0;;;
2630177;6;22/12/2015 17:45;Strada Urbana;VIA TOR DE' SCHIAVI;all'intersezione con;VIA FEDERICO DELPINO;VIA FEDERICO DELPINO;;;Investimento di pedone;Intersezione semaforizzata;Una carreggiata a senso unico di marcia;Asciutto;Asfaltata;Verticale ed orizzontale;Sereno;Normale;Buona;Sufficiente;1;0;0;3;12.56072;41.89071;-1;;;;Pedone;M;Illeso;0;;;
2630177;6;22/12/2015 17:45;Strada Urbana;VIA TOR DE' SCHIAVI;all'intersezione con;VIA FEDERICO DELPINO;VIA FEDERICO DELPINO;;;Investimento di pedone;Intersezione semaforizzata;Una carreggiata a senso unico di marcia;Asciutto;Asfaltata;Verticale ed orizzontale;Sereno;Normale;Buona;Sufficiente;1;0;0;3;12.56072;41.89071;-1;1;Autovettura privata;In marcia / fermata / arresto;Conducente;M;Illeso;0;;Non accertato;Inesploso
2630191;10;22/12/2015 13:50;Strada Urbana;VIA BIVONGI;all'intersezione con;VIA CERISANO;VIA CERISANO;;;Scontro frontale/laterale SX fra veicoli in marcia;Incrocio;Due carreggiate;Asciutto;Asfaltata;Assente;Sereno;Scarso;Buona;Ore Diurne;0;0;0;2;12.60323;41.8325;-1;1;Autovettura privata;In marcia / fermata / arresto;Conducente;M;Illeso;0;;Non accertato;Inesploso
2630191;10;22/12/2015 13:50;Strada Urbana;VIA BIVONGI;all'intersezione con;VIA CERISANO;VIA CERISANO;;;Scontro frontale/laterale SX fra veicoli in marcia;Incrocio;Due carreggiate;Asciutto;Asfaltata;Assente;Sereno;Scarso;Buona;Ore Diurne;0;0;0;2;12.60323;41.8325;-1;2;Motociclo a solo;In marcia / fermata / arresto;Conducente;M;Illeso;0;;Non accertato;
2630198;18;18/12/2015 08:15;Statale;VIA AURELIA;in corrispondenza;;della chilometrica;17.3;;Veicolo in marcia contro ostacolo fisso;Rettilineo;Due carreggiate;Asciutto;Asfaltata;Verticale ed orizzontale;Sereno;Normale;Buona;Ore Diurne;2;0;0;0;12.30429;41.88834;-1;1;Autovettura privata;In marcia / fermata / arresto;Passeggero;M;Rifiuta cure immediate;0;NON DECEDUTO;Non accertato;
2630198;18;18/12/2015 08:15;Statale;VIA AURELIA;in corrispondenza;;della chilometrica;17.3;;Veicolo in marcia contro ostacolo fisso;Rettilineo;Due carreggiate;Asciutto;Asfaltata;Verticale ed orizzontale;Sereno;Normale;Buona;Ore Diurne;2;0;0;0;12.30429;41.88834;-1;1;Autovettura privata;In marcia / fermata / arresto;Conducente;M;Rifiuta cure immediate;0;NON DECEDUTO;Non accertato;
2630205;18;18/12/2015 15:00;Strada Urbana;VIA DI ACQUAFREDDA;in corrispondenza;;del civico n.;72;;Scontro frontale fra veicoli in marcia;Rettilineo;Una carreggiata a doppio senso;Asciutto;Asfaltata;Orizzontale;Sereno;Normale;Buona;Ore Diurne;0;0;0;3;12.39072;41.88937;-1;1;Autovettura privata;In marcia / fermata / arresto;Conducente;M;Illeso;0;;Non accertato;Inesploso
2630205;18;18/12/2015 15:00;Strada Urbana;VIA DI ACQUAFREDDA;in corrispondenza;;del civico n.;72;;Scontro frontale fra veicoli in marcia;Rettilineo;Una carreggiata a doppio senso;Asciutto;Asfaltata;Orizzontale;Sereno;Normale;Buona;Ore Diurne;0;0;0;3;12.39072;41.88937;-1;2;Autovettura privata;In marcia / fermata / arresto;Conducente;F;Illeso;0;;Non accertato;Inesploso
2630205;18;18/12/2015 15:00;Strada Urbana;VIA DI ACQUAFREDDA;in corrispondenza;;del civico n.;72;;Scontro frontale fra veicoli in marcia;Rettilineo;Una carreggiata a doppio senso;Asciutto;Asfaltata;Orizzontale;Sereno;Normale;Buona;Ore Diurne;0;0;0;3;12.39072;41.88937;-1;2;Autovettura privata;In marcia / fermata / arresto;Passeggero;F;Illeso;0;;;Inesploso
2630213;2;22/12/2015 12:40;Strada Urbana;VIALE GORIZIA;in prossimità;;del civico n.;5;;Scontro laterale fra veicoli in marcia;Rettilineo;Due carreggiate;Asciutto;Asfaltata;Verticale ed orizzontale;Sereno;Normale;Buona;Ore Diurne;0;0;0;2;12.51357;41.91909;-1;1;Autovettura privata;In marcia / fermata / arresto;Conducente;F;Illeso;0;;;
2630213;2;22/12/2015 12:40;Strada Urbana;VIALE GORIZIA;in prossimità;;del civico n.;5;;Scontro laterale fra veicoli in marcia;Rettilineo;Due carreggiate;Asciutto;Asfaltata;Verticale ed orizzontale;Sereno;Normale;Buona;Ore Diurne;0;0;0;2;12.51357;41.91909;-1;2;Autovettura privata;In marcia / fermata / arresto;Conducente;F;Illeso;0;;;
2630245;1;20/12/2015 07:00;Strada Urbana;VIA GIOVANNI GIOLITTI;in prossimità;;del civico n.;271;;Veicolo in marcia contro veicoli in sosta;Rettilineo;Una carreggiata a senso unico di marcia;Asciutto;Asfaltata;Verticale ed orizzontale;Sereno;Scarso;Buona;Ore Diurne;0;0;0;1;12.5069;41.89652;-1;1;Autovettura privata;In marcia / fermata / arresto;Conducente;M;Illeso;0;;;
2630265;1;20/12/2015 08:15;Strada Urbana;VIA EMILIO MOROSINI;in corrispondenza;;del civico n.;29;;Scontro frontale/laterale SX fra veicoli in marcia;Rettilineo;Una carreggiata a senso unico di marcia;Asciutto;Asfaltata;Verticale ed orizzontale;Sereno;Normale;Buona;Ore Diurne;0;0;0;2;12.4701;41.88587;-1;1;Motociclo a solo;In marcia / fermata / arresto;Conducente;M;Illeso;0;;Non accertato;
2630265;1;20/12/2015 08:15;Strada Urbana;VIA EMILIO MOROSINI;in corrispondenza;;del civico n.;29;;Scontro frontale/laterale SX fra veicoli in marcia;Rettilineo;Una carreggiata a senso unico di marcia;Asciutto;Asfaltata;Verticale ed orizzontale;Sereno;Normale;Buona;Ore Diurne;0;0;0;2;12.4701;41.88587;-1;2;Autovettura privata;In marcia / fermata / arresto;Conducente;F;Illeso;0;;Non accertato;
2630266;13;22/12/2015 15:50;Strada Urbana;VIA DEL MARE;all'intersezione semaforizzata con;VIA DI CASTEL FUSANO;VIA DI CASTEL FUSANO;;;Scontro laterale fra veicoli in marcia;Intersezione semaforizzata;Una carreggiata a senso unico di marcia;Asciutto;Asfaltata;Verticale ed orizzontale;Sereno;Normale;Buona;Ore Diurne;0;0;0;2;12.30415;41.75916;-1;1;Autovettura privata;In marcia / fermata / arresto;Conducente;M;Illeso;0;;Non accertato;Inesploso
2630266;13;22/12/2015 15:50;Strada Urbana;VIA DEL MARE;all'intersezione semaforizzata con;VIA DI CASTEL FUSANO;VIA DI CASTEL FUSANO;;;Scontro laterale fra veicoli in marcia;Intersezione semaforizzata;Una carreggiata a senso unico di marcia;Asciutto;Asfaltata;Verticale ed orizzontale;Sereno;Normale;Buona;Ore Diurne;0;0;0;2;12.30415;41.75916;-1;2;Autovettura privata;In marcia / fermata / arresto;Conducente;M;Illeso;0;;Non accertato;Inesploso
2630269;12;22/12/2015 17:30;Strada Urbana;VIA CRISTOFORO COLOMBO;da specificare;;;;Rampa uscita v.le delle Tre Fontane ;Veicolo in marcia contro ostacolo accidentale;Curva a visuale libera;Una carreggiata a senso unico di marcia;Asciutto;Asfaltata;Assente;Sereno;Scarso;Buona;Ore Diurne;0;0;0;1;12.47228;41.83827;-1;1;Autovettura privata;In marcia / fermata / arresto;Conducente;M;Illeso;0;;Non accertato;Inesploso
2630274;1;20/12/2015 13:00;Strada Urbana;PIAZZA DI PORTA MAGGIORE;all'intersezione semaforizzata con;VIA DI PORTA MAGGIORE;VIA DI PORTA MAGGIORE;;;Veicolo in marcia contro ostacolo accidentale;Intersezione semaforizzata;Una carreggiata a doppio senso;Asciutto;Con buche;Verticale ed orizzontale;Sereno;Scarso;Buona;Ore Diurne;1;0;0;0;12.514;41.89178;-1;1;Motociclo di polizia;In marcia / fermata / arresto;Conducente;M;Rimandato;0;NON DECEDUTO;Non accertato;
2630278;13;22/12/2015 15:50;Strada Urbana;LUNGOMARE LUTAZIO CATULO;all'intersezione semaforizzata con;VIA DEI PESCATORI;VIA DEI PESCATORI;;;Scontro laterale fra veicoli in marcia;Incrocio;Due carreggiate;Asciutto;Asfaltata;Verticale ed orizzontale;Sereno;Normale;Buona;Ore Diurne;0;0;0;3;12.30286;41.71939;-1;1;Autovettura privata;In marcia / fermata / arresto;Conducente;F;Illeso;0;;Non accertato;Inesploso
2630278;13;22/12/2015 15:50;Strada Urbana;LUNGOMARE LUTAZIO CATULO;all'intersezione semaforizzata con;VIA DEI PESCATORI;VIA DEI PESCATORI;;;Scontro laterale fra veicoli in marcia;Incrocio;Due carreggiate;Asciutto;Asfaltata;Verticale ed orizzontale;Sereno;Normale;Buona;Ore Diurne;0;0;0;3;12.30286;41.71939;-1;2;Autovettura privata;In marcia / fermata / arresto;Conducente;F;Illeso;0;;Non accertato;Inesploso
2630278;13;22/12/2015 15:50;Strada Urbana;LUNGOMARE LUTAZIO CATULO;all'intersezione semaforizzata con;VIA DEI PESCATORI;VIA DEI PESCATORI;;;Scontro laterale fra veicoli in marcia;Incrocio;Due carreggiate;Asciutto;Asfaltata;Verticale ed orizzontale;Sereno;Normale;Buona;Ore Diurne;0;0;0;3;12.30286;41.71939;-1;2;Autovettura privata;In marcia / fermata / arresto;Passeggero;M;Illeso;0;;Non accertato;Inesploso
2630289;15;22/12/2015 11:45;Strada Urbana;VIA ANTONIO PACINOTTI;all'intersezione con;PONTE DELL'INDUSTRIA;PONTE DELL'INDUSTRIA;;;Scontro laterale fra veicoli in marcia;Incrocio;Una carreggiata a doppio senso;Asciutto;Asfaltata;Verticale ed orizzontale;Sereno;Normale;Buona;Ore Diurne;0;0;0;2;12.4678;41.87103;-1;1;Autovettura pubblica;In marcia / fermata / arresto;Conducente;M;Illeso;0;;;
2630289;15;22/12/2015 11:45;Strada Urbana;VIA ANTONIO PACINOTTI;all'intersezione con;PONTE DELL'INDUSTRIA;PONTE DELL'INDUSTRIA;;;Scontro laterale fra veicoli in marcia;Incrocio;Una carreggiata a doppio senso;Asciutto;Asfaltata;Verticale ed orizzontale;Sereno;Normale;Buona;Ore Diurne;0;0;0;2;12.4678;41.87103;-1;2;Macchina operatrice;In marcia / fermata / arresto;Conducente;M;Illeso;0;;;
2630291;15;22/12/2015 14:40;Strada Urbana;VIA ALFREDO NOBEL;in corrispondenza;;del civico n.;12;;Veicolo in marcia contro veicoli in arresto;Rettilineo;Una carreggiata a doppio senso;Asciutto;Asfaltata;Assente;Sereno;Scarso;Buona;Ore Diurne;0;0;0;3;12.4685;41.87197;-1;1;Autovettura privata;In marcia / fermata / arresto;Conducente;M;Illeso;0;;Utilizzato;
2630291;15;22/12/2015 14:40;Strada Urbana;VIA ALFREDO NOBEL;in corrispondenza;;del civico n.;12;;Veicolo in marcia contro veicoli in arresto;Rettilineo;Una carreggiata a doppio senso;Asciutto;Asfaltata;Assente;Sereno;Scarso;Buona;Ore Diurne;0;0;0;3;12.4685;41.87197;-1;1;Autovettura privata;In marcia / fermata / arresto;Passeggero;F;Illeso;0;;Non accertato;
2630291;15;22/12/2015 14:40;Strada Urbana;VIA ALFREDO NOBEL;in corrispondenza;;del civico n.;12;;Veicolo in marcia contro veicoli in arresto;Rettilineo;Una carreggiata a doppio senso;Asciutto;Asfaltata;Assente;Sereno;Scarso;Buona;Ore Diurne;0;0;0;3;12.4685;41.87197;-1;2;Autovettura privata;In marcia / fermata / arresto;Conducente;M;Illeso;0;;Utilizzato;
2630295;15;22/12/2015 15:30;Strada Urbana;VIA LARI;in prossimità;;del civico n.;59;;Veicolo in marcia contro veicolo in sosta;Rettilineo;Una carreggiata a doppio senso;Asciutto;Asfaltata;Verticale;Sereno;Scarso;Buona;Ore Diurne;0;0;0;1;12.46075;41.84819;-1;2;Autocarro inferiore 35 q.;In marcia / fermata / arresto;Conducente;F;Illeso;0;;;
2630302;15;22/12/2015 18:00;Strada Urbana;VIA PORTUENSE;da specificare;;;;PROSSIMITA' FRONTE CIVICO 837;Scontro laterale fra veicoli in marcia;Rettilineo;Due carreggiate;Asciutto;Asfaltata;Orizzontale;Sereno;Normale;Buona;Sufficiente;0;0;0;4;12.40939;41.84342;-1;1;Autovettura privata;In marcia / fermata / arresto;Conducente;M;Illeso;0;;Utilizzato;
2630302;15;22/12/2015 18:00;Strada Urbana;VIA PORTUENSE;da specificare;;;;PROSSIMITA' FRONTE CIVICO 837;Scontro laterale fra veicoli in marcia;Rettilineo;Due carreggiate;Asciutto;Asfaltata;Orizzontale;Sereno;Normale;Buona;Sufficiente;0;0;0;4;12.40939;41.84342;-1;1;Autovettura privata;In marcia / fermata / arresto;Passeggero;M;Illeso;0;;Utilizzato;
2630302;15;22/12/2015 18:00;Strada Urbana;VIA PORTUENSE;da specificare;;;;PROSSIMITA' FRONTE CIVICO 837;Scontro laterale fra veicoli in marcia;Rettilineo;Due carreggiate;Asciutto;Asfaltata;Orizzontale;Sereno;Normale;Buona;Sufficiente;0;0;0;4;12.40939;41.84342;-1;2;Autovettura privata;In marcia / fermata / arresto;Conducente;F;Illeso;0;;Utilizzato;
2630302;15;22/12/2015 18:00;Strada Urbana;VIA PORTUENSE;da specificare;;;;PROSSIMITA' FRONTE CIVICO 837;Scontro laterale fra veicoli in marcia;Rettilineo;Due carreggiate;Asciutto;Asfaltata;Orizzontale;Sereno;Normale;Buona;Sufficiente;0;0;0;4;12.40939;41.84342;-1;2;Autovettura privata;In marcia / fermata / arresto;Passeggero;M;Illeso;0;;Utilizzato;
2630521;9;23/12/2015 02:45;Strada Urbana;PIAZZA TUSCOLO;all'intersezione semaforizzata con;VIA GALLIA;VIA GALLIA;;;Scontro frontale/laterale DX fra veicoli in marcia;Intersezione semaforizzata;Una carreggiata a doppio senso;Asciutto;Asfaltata;Verticale ed orizzontale;Sereno;Scarso;Sufficiente;Sufficiente;0;0;0;2;12.50813;41.88045;-1;1;Autovettura privata;In marcia / fermata / arresto;Conducente;F;Illeso;0;;Non accertato;Inesploso
2630521;9;23/12/2015 02:45;Strada Urbana;PIAZZA TUSCOLO;all'intersezione semaforizzata con;VIA GALLIA;VIA GALLIA;;;Scontro frontale/laterale DX fra veicoli in marcia;Intersezione semaforizzata;Una carreggiata a doppio senso;Asciutto;Asfaltata;Verticale ed orizzontale;Sereno;Scarso;Sufficiente;Sufficiente;0;0;0;2;12.50813;41.88045;-1;2;Autovettura privata;In marcia / fermata / arresto;Conducente;M;Illeso;0;;Non accertato;Inesploso
2630531;8;22/12/2015 07:05;Strada Urbana;VIA DI TOR BELLA MONACA;in corrispondenza;;del civico n.;495;;Tamponamento;Rettilineo;Due carreggiate;Asciutto;Asfaltata;Verticale ed orizzontale;Sereno;Intenso;Sufficiente;Ore Diurne;2;0;0;0;12.63195;41.87261;-1;1;Autovettura privata;In marcia / fermata / arresto;Conducente;F;Rifiuta cure immediate;0;NON DECEDUTO;Non accertato;Inesploso
2630531;8;22/12/2015 07:05;Strada Urbana;VIA DI TOR BELLA MONACA;in corrispondenza;;del civico n.;495;;Tamponamento;Rettilineo;Due carreggiate;Asciutto;Asfaltata;Verticale ed orizzontale;Sereno;Intenso;Sufficiente;Ore Diurne;2;0;0;0;12.63195;41.87261;-1;2;Autovettura privata;In marcia / fermata / arresto;Conducente;F;Rifiuta cure immediate;0;NON DECEDUTO;Non accertato;Inesploso
2630532;6;22/12/2015 18:00;Strada Urbana;VIALE TELESE;in prossimità;;del civico n.;3;;Scontro frontale/laterale SX fra veicoli in marcia;Rettilineo;Una carreggiata a doppio senso;Asciutto;Asfaltata;Orizzontale;Sereno;Normale;Buona;Sufficiente;1;0;0;1;12.54712;41.89292;-1;1;Autovettura privata;In marcia / fermata / arresto;Conducente;F;Illeso;0;;Non accertato;Inesploso
2630532;6;22/12/2015 18:00;Strada Urbana;VIALE TELESE;in prossimità;;del civico n.;3;;Scontro frontale/laterale SX fra veicoli in marcia;Rettilineo;Una carreggiata a doppio senso;Asciutto;Asfaltata;Orizzontale;Sereno;Normale;Buona;Sufficiente;1;0;0;1;12.54712;41.89292;-1;2;Motociclo a solo;In marcia / fermata / arresto;Conducente;M;Rimandato;0;NON DECEDUTO;;
2630533;8;22/12/2015 08:30;Strada Urbana;VIA DI TOR VERGATA;in prossimità;;del civico n.;11;;Investimento di pedone;Rettilineo;Una carreggiata a doppio senso;Asciutto;Asfaltata;Orizzontale;Sereno;Intenso;Buona;Ore Diurne;1;0;0;1;12.6215;41.8616;-1;;;;Pedone;M;Ricoverato;0;NON DECEDUTO;;
2630533;8;22/12/2015 08:30;Strada Urbana;VIA DI TOR VERGATA;in prossimità;;del civico n.;11;;Investimento di pedone;Rettilineo;Una carreggiata a doppio senso;Asciutto;Asfaltata;Orizzontale;Sereno;Intenso;Buona;Ore Diurne;1;0;0;1;12.6215;41.8616;-1;1;Autovettura privata;In marcia / fermata / arresto;Conducente;F;Illeso;0;;Non accertato;Inesploso
2630538;8;22/12/2015 11:30;Strada Urbana;VIA MASSA DI SAN GIULIANO;in corrispondenza;;del civico n.;405;;Scontro laterale fra veicoli in marcia;Rettilineo;Una carreggiata a doppio senso;Asciutto;Asfaltata;Verticale ed orizzontale;Sereno;Normale;Buona;Ore Diurne;1;0;0;1;12.68878;41.90977;-1;1;Autovettura privata;In marcia / fermata / arresto;Conducente;M;Illeso;0;;Non accertato;Inesploso
2630538;8;22/12/2015 11:30;Strada Urbana;VIA MASSA DI SAN GIULIANO;in corrispondenza;;del civico n.;405;;Scontro laterale fra veicoli in marcia;Rettilineo;Una carreggiata a doppio senso;Asciutto;Asfaltata;Verticale ed orizzontale;Sereno;Normale;Buona;Ore Diurne;1;0;0;1;12.68878;41.90977;-1;2;Motociclo a solo;In marcia / fermata / arresto;Conducente;M;Rimandato;0;NON DECEDUTO;Non accertato;
2630541;11;22/12/2015 12:00;Strada Urbana;VIA ARDEATINA;da specificare;;;;prossimità Casali Cornacchiole;Tamponamento;Rettilineo;Una carreggiata a doppio senso;Asciutto;Asfaltata;Verticale ed orizzontale;Sereno;Normale;Buona;Ore Diurne;0;0;0;2;12.53616;41.8027;-1;1;Autovettura privata;In marcia / fermata / arresto;Conducente;M;Illeso;0;;Non accertato;Inesploso
2630541;11;22/12/2015 12:00;Strada Urbana;VIA ARDEATINA;da specificare;;;;prossimità Casali Cornacchiole;Tamponamento;Rettilineo;Una carreggiata a doppio senso;Asciutto;Asfaltata;Verticale ed orizzontale;Sereno;Normale;Buona;Ore Diurne;0;0;0;2;12.53616;41.8027;-1;2;Autovettura privata;In marcia / fermata / arresto;Conducente;M;Illeso;0;;Non accertato;Inesploso
2630552;8;22/12/2015 18:15;Strada Urbana;VIALE PAOLO FERDINANDO QUAGLIA;in prossimità;;del civico n.;48;;Tamponamento;Rettilineo;Una carreggiata a doppio senso;Asciutto;Asfaltata;Verticale ed orizzontale;Sereno;Normale;Sufficiente;Sufficiente;0;0;0;1;12.64094;41.86838;-1;1;Autovettura privata;In marcia / fermata / arresto;Conducente;M;Illeso;0;;Non accertato;Inesploso
2630554;6;22/12/2015 22:30;Strada Urbana;VIA PRENESTINA;all'intersezione semaforizzata con;VIALE RONCHI;VIALE RONCHI;;;Scontro laterale fra veicoli in marcia;Incrocio;Due carreggiate;Asciutto;Asfaltata;Verticale ed orizzontale;Sereno;Scarso;Buona;Sufficiente;0;0;0;5;12.54954;41.8938;-1;1;Autovettura privata;In marcia / fermata / arresto;Conducente;M;Illeso;0;;Non accertato;
2630554;6;22/12/2015 22:30;Strada Urbana;VIA PRENESTINA;all'intersezione semaforizzata con;VIALE RONCHI;VIALE RONCHI;;;Scontro laterale fra veicoli in marcia;Incrocio;Due carreggiate;Asciutto;Asfaltata;Verticale ed orizzontale;Sereno;Scarso;Buona;Sufficiente;0;0;0;5;12.54954;41.8938;-1;1;Autovettura privata;In marcia / fermata / arresto;Passeggero;M;Illeso;0;;Non accertato;
2630554;6;22/12/2015 22:30;Strada Urbana;VIA PRENESTINA;all'intersezione semaforizzata con;VIALE RONCHI;VIALE RONCHI;;;Scontro laterale fra veicoli in marcia;Incrocio;Due carreggiate;Asciutto;Asfaltata;Verticale ed orizzontale;Sereno;Scarso;Buona;Sufficiente;0;0;0;5;12.54954;41.8938;-1;2;Autovettura privata;In marcia / fermata / arresto;Conducente;F;Illeso;0;;Non accertato;
2630554;6;22/12/2015 22:30;Strada Urbana;VIA PRENESTINA;all'intersezione semaforizzata con;VIALE RONCHI;VIALE RONCHI;;;Scontro laterale fra veicoli in marcia;Incrocio;Due carreggiate;Asciutto;Asfaltata;Verticale ed orizzontale;Sereno;Scarso;Buona;Sufficiente;0;0;0;5;12.54954;41.8938;-1;2;Autovettura privata;In marcia / fermata / arresto;Passeggero;F;Illeso;0;;Non accertato;
2630554;6;22/12/2015 22:30;Strada Urbana;VIA PRENESTINA;all'intersezione semaforizzata con;VIALE RONCHI;VIALE RONCHI;;;Scontro laterale fra veicoli in marcia;Incrocio;Due carreggiate;Asciutto;Asfaltata;Verticale ed orizzontale;Sereno;Scarso;Buona;Sufficiente;0;0;0;5;12.54954;41.8938;-1;2;Autovettura privata;In marcia / fermata / arresto;Passeggero;F;Illeso;0;;Non accertato;
2630563;8;22/12/2015 21:20;Strada Urbana;VIA DI TORRENOVA;in corrispondenza;;del civico n.;355;;Scontro laterale fra veicoli in marcia;Rettilineo;Una carreggiata a doppio senso;Asciutto;Asfaltata;Verticale ed orizzontale;Sereno;Normale;Buona;Sufficiente;0;0;0;5;12.61822;41.88317;-1;1;Autovettura privata;In marcia / fermata / arresto;Conducente;M;Illeso;0;;Non accertato;Inesploso
2630563;8;22/12/2015 21:20;Strada Urbana;VIA DI TORRENOVA;in corrispondenza;;del civico n.;355;;Scontro laterale fra veicoli in marcia;Rettilineo;Una carreggiata a doppio senso;Asciutto;Asfaltata;Verticale ed orizzontale;Sereno;Normale;Buona;Sufficiente;0;0;0;5;12.61822;41.88317;-1;1;Autovettura privata;In marcia / fermata / arresto;Passeggero;F;Illeso;0;;Non accertato;Inesploso
2630563;8;22/12/2015 21:20;Strada Urbana;VIA DI TORRENOVA;in corrispondenza;;del civico n.;355;;Scontro laterale fra veicoli in marcia;Rettilineo;Una carreggiata a doppio senso;Asciutto;Asfaltata;Verticale ed orizzontale;Sereno;Normale;Buona;Sufficiente;0;0;0;5;12.61822;41.88317;-1;1;Autovettura privata;In marcia / fermata / arresto;Passeggero;M;Illeso;0;;Non accertato;Inesploso
2630563;8;22/12/2015 21:20;Strada Urbana;VIA DI TORRENOVA;in corrispondenza;;del civico n.;355;;Scontro laterale fra veicoli in marcia;Rettilineo;Una carreggiata a doppio senso;Asciutto;Asfaltata;Verticale ed orizzontale;Sereno;Normale;Buona;Sufficiente;0;0;0;5;12.61822;41.88317;-1;2;Autovettura privata;In marcia / fermata / arresto;Conducente;M;Illeso;0;;Non accertato;Inesploso
2630563;8;22/12/2015 21:20;Strada Urbana;VIA DI TORRENOVA;in corrispondenza;;del civico n.;355;;Scontro laterale fra veicoli in marcia;Rettilineo;Una carreggiata a doppio senso;Asciutto;Asfaltata;Verticale ed orizzontale;Sereno;Normale;Buona;Sufficiente;0;0;0;5;12.61822;41.88317;-1;2;Autovettura privata;In marcia / fermata / arresto;Passeggero;M;Illeso;0;;Non accertato;Inesploso
2630573;8;22/12/2015 11:00;Strada Urbana;VIA GAGLIANO DEL CAPO;da specificare;;;;altezza civ. 76;Scontro frontale/laterale DX fra veicoli in marcia;Rettilineo;Una carreggiata a doppio senso;Asciutto;Asfaltata;Verticale ed orizzontale;Sereno;Normale;Buona;Ore Diurne;0;0;0;2;12.6531;41.85548;-1;1;Autovettura privata;In marcia / fermata / arresto;Conducente;F;Illeso;0;;Non accertato;Inesploso