Protocollo;Gruppo;DataOraIncidente;Localizzazione1;STRADA1;Localizzazione2;STRADA2;Strada02;Chilometrica;DaSpecificare;NaturaIncidente;particolaritastrade;TipoStrada;FondoStradale;Pavimentazione;Segnaletica;CondizioneAtmosferica;Traffico;Visibilita;Illuminazione;NUM_FERITI;NUM_RISERVATA;NUM_MORTI;NUM_ILLESI;Longitudine;Latitudine;Confermato;Progressivo;TipoVeicolo;StatoVeicolo;TipoPersona;Sesso;Tipolesione;Deceduto;DecedutoDopo;CinturaCascoUtilizzato;Airbag
2636286;10;28/12/2015 11:00;Statale entro l'abitato;VIA ANAGNINA;da specificare;;;;dir. Roma prossimità via Campo Romano ;Tamponamento Multiplo;Rettilineo;Due carreggiate;Asciutto;Asfaltata;Verticale ed orizzontale;Sereno;Normale;Buona;Ore Diurne;2;0;0;4;12.60317;41.82588;-1;2;Autovettura privata;In marcia / fermata / arresto;Conducente;F;Rifiuta cure immediate;0;NON DECEDUTO;Non accertato;
2636286;10;28/12/2015 11:00;Statale entro l'abitato;VIA ANAGNINA;da specificare;;;;dir. Roma prossimità via Campo Romano ;Tamponamento Multiplo;Rettilineo;Due carreggiate;Asciutto;Asfaltata;Verticale ed orizzontale;Sereno;Normale;Buona;Ore Diurne;2;0;0;4;12.60317;41.82588;-1;3;Autovettura privata;In marcia / fermata / arresto;Conducente;M;Illeso;0;;Non accertato;
2636286;10;28/12/2015 11:00;Statale entro l'abitato;VIA ANAGNINA;da specificare;;;;dir. Roma prossimità via Campo Romano ;Tamponamento Multiplo;Rettilineo;Due carreggiate;Asciutto;Asfaltata;Verticale ed orizzontale;Sereno;Normale;Buona;Ore Diurne;2;0;0;4;12.60317;41.82588;-1;4;Autovettura privata;In marcia / fermata / arresto;Conducente;M;Rimandato;0;NON DECEDUTO;Non accertato;
2636287;20;28/12/2015 13:15;Strada Urbana;VIA CASSIA;all'intersezione con;VIA LEONESSA;VIA LEONESSA;;;Scontro frontale/laterale SX fra veicoli in marcia;Incrocio;Una carreggiata a doppio senso;Asciutto;Asfaltata;Orizzontale;Sereno;Scarso;Buona;Ore Diurne;1;0;0;4;12.44475;41.9645;-1;1;Motociclo con passeggero;In marcia / fermata / arresto;Conducente;M;Rifiuta cure immediate;0;NON DECEDUTO;Non accertato;
2636287;20;28/12/2015 13:15;Strada Urbana;VIA CASSIA;all'intersezione con;VIA LEONESSA;VIA LEONESSA;;;Scontro frontale/laterale SX fra veicoli in marcia;Incrocio;Una carreggiata a doppio senso;Asciutto;Asfaltata;Orizzontale;Sereno;Scarso;Buona;Ore Diurne;1;0;0;4;12.44475;41.9645;-1;1;Motociclo con passeggero;In marcia / fermata / arresto;Passeggero;M;Illeso;0;;Non accertato;
2636287;20;28/12/2015 13:15;Strada Urbana;VIA CASSIA;all'intersezione con;VIA LEONESSA;VIA LEONESSA;;;Scontro frontale/laterale SX fra veicoli in marcia;Incrocio;Una carreggiata a doppio senso;Asciutto;Asfaltata;Orizzontale;Sereno;Scarso;Buona;Ore Diurne;1;0;0;4;12.44475;41.9645;-1;2;Autovettura privata;In marcia / fermata / arresto;Conducente;F;Illeso;0;;Non accertato;Inesploso
2636287;20;28/12/2015 13:15;Strada Urbana;VIA CASSIA;all'intersezione con;VIA LEONESSA;VIA LEONESSA;;;Scontro frontale/laterale SX fra veicoli in marcia;Incrocio;Una carreggiata a doppio senso;Asciutto;Asfaltata;Orizzontale;Sereno;Scarso;Buona;Ore Diurne;1;0;0;4;12.44475;41.9645;-1;2;Autovettura privata;In marcia / fermata / arresto;Passeggero;F;Illeso;0;;Non accertato;Inesploso
2636287;20;28/12/2015 13:15;Strada Urbana;VIA CASSIA;all'intersezione con;VIA LEONESSA;VIA LEONESSA;;;Scontro frontale/laterale SX fra veicoli in marcia;Incrocio;Una carreggiata a doppio senso;Asciutto;Asfaltata;Orizzontale;Sereno;Scarso;Buona;Ore Diurne;1;0;0;4;12.44475;41.9645;-1;2;Autovettura privata;In marcia / fermata / arresto;Passeggero;F;Illeso;0;;Non accertato;Inesploso
2636293;5;28/12/2015 21:30;Strada Urbana;VIA PIAN DI SCO;in corrispondenza;;del civico n.;25;;Tamponamento;Rettilineo;Una carreggiata a doppio senso;Asciutto;Asfaltata;Verticale ed orizzontale;Sereno;Scarso;Buona;Sufficiente;0;0;0;2;12.51842;41.96049;-1;1;Autovettura privata;In marcia / fermata / arresto;Conducente;M;Illeso;0;;Non accertato;Inesploso
2636293;5;28/12/2015 21:30;Strada Urbana;VIA PIAN DI SCO;in corrispondenza;;del civico n.;25;;Tamponamento;Rettilineo;Una carreggiata a doppio senso;Asciutto;Asfaltata;Verticale ed orizzontale;Sereno;Scarso;Buona;Sufficiente;0;0;0;2;12.51842;41.96049;-1;2;Autovettura privata;In marcia / fermata / arresto;Conducente;F;Illeso;0;;Non accertato;Inesploso
2636294;13;28/12/2015 21:40;Strada Urbana;VIA ERMANNO WOLF FERRARI;all'intersezione con;VIA DEGLI STRAUSS;VIA DEGLI STRAUSS;;;Scontro frontale/laterale SX fra veicoli in marcia;Incrocio;Una carreggiata a doppio senso;Asciutto;Asfaltata;Verticale ed orizzontale;Sereno;Normale;Buona;Insufficiente;0;0;0;4;12.37794;41.74817;-1;1;Autovettura privata;In marcia / fermata / arresto;Conducente;M;Illeso;0;;Non accertato;Inesploso
2636294;13;28/12/2015 21:40;Strada Urbana;VIA ERMANNO WOLF FERRARI;all'intersezione con;VIA DEGLI STRAUSS;VIA DEGLI STRAUSS;;;Scontro frontale/laterale SX fra veicoli in marcia;Incrocio;Una carreggiata a doppio senso;Asciutto;Asfaltata;Verticale ed orizzontale;Sereno;Normale;Buona;Insufficiente;0;0;0;4;12.37794;41.74817;-1;2;Autovettura privata;In marcia / fermata / arresto;Conducente;M;Illeso;0;;Non accertato;Inesploso
2636294;13;28/12/2015 21:40;Strada Urbana;VIA ERMANNO WOLF FERRARI;all'intersezione con;VIA DEGLI STRAUSS;VIA DEGLI STRAUSS;;;Scontro frontale/laterale SX fra veicoli in marcia;Incrocio;Una carreggiata a doppio senso;Asciutto;Asfaltata;Verticale ed orizzontale;Sereno;Normale;Buona;Insufficiente;0;0;0;4;12.37794;41.74817;-1;2;Autovettura privata;In marcia / fermata / arresto;Passeggero;M;Illeso;0;;Non accertato;Inesploso
2636294;13;28/12/2015 21:40;Strada Urbana;VIA ERMANNO WOLF FERRARI;all'intersezione con;VIA DEGLI STRAUSS;VIA DEGLI STRAUSS;;;Scontro frontale/laterale SX fra veicoli in marcia;Incrocio;Una carreggiata a doppio senso;Asciutto;Asfaltata;Verticale ed orizzontale;Sereno;Normale;Buona;Insufficiente;0;0;0;4;12.37794;41.74817;-1;2;Autovettura privata;In marcia / fermata / arresto;Passeggero;M;Illeso;0;;Non accertato;Inesploso
2636299;8;28/12/2015 12:30;Strada Urbana;VIALE PAOLO FERDINANDO QUAGLIA;in prossimità;;del civico n.;100;;Tamponamento;Rettilineo;Una carreggiata a doppio senso;Asciutto;Asfaltata;Verticale ed orizzontale;Sereno;Normale;Buona;Ore Diurne;0;0;0;4;12.64094;41.86838;-1;1;Autovettura privata;In marcia / fermata / arresto;Conducente;M;Illeso;0;;Non accertato;Inesploso
2636299;8;28/12/2015 12:30;Strada Urbana;VIALE PAOLO FERDINANDO QUAGLIA;in prossimità;;del civico n.;100;;Tamponamento;Rettilineo;Una carreggiata a doppio senso;Asciutto;Asfaltata;Verticale ed orizzontale;Sereno;Normale;Buona;Ore Diurne;0;0;0;4;12.64094;41.86838;-1;2;Autovettura privata;In marcia / fermata / arresto;Conducente;M;Illeso;0;;Non accertato;Inesploso
2636299;8;28/12/2015 12:30;Strada Urbana;VIALE PAOLO FERDINANDO QUAGLIA;in prossimità;;del civico n.;100;;Tamponamento;Rettilineo;Una carreggiata a doppio senso;Asciutto;Asfaltata;Verticale ed orizzontale;Sereno;Normale;Buona;Ore Diurne;0;0;0;4;12.64094;41.86838;-1;2;Autovettura privata;In marcia / fermata / arresto;Passeggero;F;Illeso;0;;Non accertato;Inesploso
2636299;8;28/12/2015 12:30;Strada Urbana;VIALE PAOLO FERDINANDO QUAGLIA;in prossimità;;del civico n.;100;;Tamponamento;Rettilineo;Una carreggiata a doppio senso;Asciutto;Asfaltata;Verticale ed orizzontale;Sereno;Normale;Buona;Ore Diurne;0;0;0;4;12.64094;41.86838;-1;2;Autovettura privata;In marcia / fermata / arresto;Passeggero;F;Illeso;0;;Non accertato;Inesploso
2636301;13;28/12/2015 20:20;Strada Urbana;VIA CARLO MARENCO DI MORIONDO;all'intersezione con;VIA ISOLE DEL CAPO VERDE;VIA ISOLE DEL CAPO VERDE;;;Investimento di pedone;Incrocio;Una carreggiata a doppio senso;Asciutto;Asfaltata;Verticale ed orizzontale;Sereno;Normale;Buona;Sufficiente;1;0;0;1;12.27483;41.73841;-1;;;;Pedone;F;Rimandato;0;NON DECEDUTO;;
2636301;13;28/12/2015 20:20;Strada Urbana;VIA CARLO MARENCO DI MORIONDO;all'intersezione con;VIA ISOLE DEL CAPO VERDE;VIA ISOLE DEL CAPO VERDE;;;Investimento di pedone;Incrocio;Una carreggiata a doppio senso;Asciutto;Asfaltata;Verticale ed orizzontale;Sereno;Normale;Buona;Sufficiente;1;0;0;1;12.27483;41.73841;-1;1;Autovettura privata;In marcia / fermata / arresto;Conducente;M;Illeso;0;;Non accertato;Inesploso
2636302;8;28/12/2015 13:00;Strada Urbana;VIA COLLATINA;in corrispondenza;;del civico n.;960;;Veicolo in marcia contro ostacolo accidentale;Rettilineo;Una carreggiata a doppio senso;Asciutto;Con buche;Assente;Sereno;Normale;Buona;Ore Diurne;0;0;0;1;12.6647;41.9218;-1;1;Autovettura privata;In marcia / fermata / arresto;Conducente;M;Illeso;0;;Non accertato;Inesploso
2636304;8;28/12/2015 18:20;Strada Urbana;VIA COLLATINA;in corrispondenza;;del civico n.;960;;Veicolo in marcia contro ostacolo accidentale;Rettilineo;Una carreggiata a doppio senso;Asciutto;Asfaltata;Assente;Sereno;Normale;Insufficiente;Inesistente;0;0;0;1;12.6647;41.9218;-1;1;Autovettura privata;In marcia / fermata / arresto;Conducente;M;Illeso;0;;Non accertato;Inesploso
2636306;20;28/12/2015 22:15;Strada Urbana;VIA FLAMINIA NUOVA;all'intersezione semaforizzata con;VIA TUSCANIA;VIA TUSCANIA;;;Scontro frontale/laterale DX fra veicoli in marcia;Intersezione semaforizzata;Una carreggiata a doppio senso;Asciutto;Asfaltata;Verticale ed orizzontale;Sereno;Scarso;Buona;Sufficiente;1;0;0;1;12.47201;41.95105;-1;1;Autovettura privata;In marcia / fermata / arresto;Conducente;M;Illeso;0;;Utilizzato;Inesploso
2636306;20;28/12/2015 22:15;Strada Urbana;VIA FLAMINIA NUOVA;all'intersezione semaforizzata con;VIA TUSCANIA;VIA TUSCANIA;;;Scontro frontale/laterale DX fra veicoli in marcia;Intersezione semaforizzata;Una carreggiata a doppio senso;Asciutto;Asfaltata;Verticale ed orizzontale;Sereno;Scarso;Buona;Sufficiente;1;0;0;1;12.47201;41.95105;-1;2;Motociclo a solo;In marcia / fermata / arresto;Conducente;M;Rifiuta cure immediate;0;NON DECEDUTO;Non accertato;
2636307;4;28/12/2015 02:15;Strada Urbana;VIA VAL DI LANZO;all'intersezione con;VIA VALLE VERMIGLIO;VIA VALLE VERMIGLIO;;;Veicolo in marcia contro veicoli in sosta;Intersezione semaforizzata;Una carreggiata a senso unico di marcia;Asciutto;Asfaltata;Verticale ed orizzontale;Sereno;Scarso;Buona;Sufficiente;0;0;0;3;12.52479;41.94176;-1;1;Autovettura privata;In marcia / fermata / arresto;Conducente;F;Illeso;0;;Non accertato;Inesploso
2636307;4;28/12/2015 02:15;Strada Urbana;VIA VAL DI LANZO;all'intersezione con;VIA VALLE VERMIGLIO;VIA VALLE VERMIGLIO;;;Veicolo in marcia contro veicoli in sosta;Intersezione semaforizzata;Una carreggiata a senso unico di marcia;Asciutto;Asfaltata;Verticale ed orizzontale;Sereno;Scarso;Buona;Sufficiente;0;0;0;3;12.52479;41.94176;-1;1;Autovettura privata;In marcia / fermata / arresto;Passeggero;F;Illeso;0;;Non accertato;Inesploso
2636307;4;28/12/2015 02:15;Strada Urbana;VIA VAL DI LANZO;all'intersezione con;VIA VALLE VERMIGLIO;VIA VALLE VERMIGLIO;;;Veicolo in marcia contro veicoli in sosta;Intersezione semaforizzata;Una carreggiata a senso unico di marcia;Asciutto;Asfaltata;Verticale ed orizzontale;Sereno;Scarso;Buona;Sufficiente;0;0;0;3;12.52479;41.94176;-1;2;Autovettura privata;In marcia / fermata / arresto;Conducente;M;Illeso;0;;Non accertato;Inesploso
2636308;8;28/12/2015 18:20;Strada Urbana;VIA RADDUSA;in corrispondenza;;del civico n.;19;;Veicolo in marcia contro veicoli in sosta;Rettilineo;Una carreggiata a senso unico di marcia;Asciutto;Asfaltata;Verticale;Sereno;Normale;Sufficiente;Sufficiente;0;0;0;1;12.6518;41.86799;-1;1;Autovettura privata;In marcia / fermata / arresto;Conducente;M;Illeso;0;;Non accertato;Inesploso
2636310;8;28/12/2015 20:50;Strada Urbana;VIA DI TOR VERGATA;all'intersezione con;VIALE LUIGI SCHIAVONETTI;VIALE LUIGI SCHIAVONETTI;;;Scontro frontale/laterale SX fra veicoli in marcia;Intersezione stradale segnalata;Due carreggiate;Asciutto;Asfaltata;Verticale ed orizzontale;Sereno;Normale;Insufficiente;Insufficiente;1;0;0;1;12.62201;41.84133;-1;1;Autovettura privata;In marcia / fermata / arresto;Conducente;M;Rifiuta cure immediate;0;NON DECEDUTO;Non accertato;Inesploso
2636310;8;28/12/2015 20:50;Strada Urbana;VIA DI TOR VERGATA;all'intersezione con;VIALE LUIGI SCHIAVONETTI;VIALE LUIGI SCHIAVONETTI;;;Scontro frontale/laterale SX fra veicoli in marcia;Intersezione stradale segnalata;Due carreggiate;Asciutto;Asfaltata;Verticale ed orizzontale;Sereno;Normale;Insufficiente;Insufficiente;1;0;0;1;12.62201;41.84133;-1;2;Autovettura privata;In marcia / fermata / arresto;Conducente;M;Illeso;0;;Non accertato;Inesploso
2636325;4;28/12/2015 19:10;Strada Urbana;PIAZZA SEMPIONE;in prossimità;;del civico n.;20;;Scontro laterale fra veicoli in marcia;Curva a visuale libera;Una carreggiata a senso unico di marcia;Asciutto;Asfaltata;Verticale ed orizzontale;Sereno;Normale;Buona;Sufficiente;0;0;0;2;12.53411;41.93518;-1;1;Autocarro inferiore 35 q.;In marcia / fermata / arresto;Conducente;M;Illeso;0;;Non accertato;Inesploso
2636325;4;28/12/2015 19:10;Strada Urbana;PIAZZA SEMPIONE;in prossimità;;del civico n.;20;;Scontro laterale fra veicoli in marcia;Curva a visuale libera;Una carreggiata a senso unico di marcia;Asciutto;Asfaltata;Verticale ed orizzontale;Sereno;Normale;Buona;Sufficiente;0;0;0;2;12.53411;41.93518;-1;2;Autovettura privata;In marcia / fermata / arresto;Conducente;F;Illeso;0;;Non accertato;Inesploso
2636327;8;28/12/2015 21:00;Strada Urbana;VIALE DEI ROMANISTI;all'intersezione con;VIA FILIPPO CESARE ANNESSI;VIA FILIPPO CESARE ANNESSI;;;Veicolo in marcia contro ostacolo accidentale;Intersezione stradale segnalata;Due carreggiate;Asciutto;Asfaltata;Verticale ed orizzontale;Sereno;Scarso;Buona;Sufficiente;0;0;0;1;12.57728;41.86773;-1;1;Autovettura privata;In marcia / fermata / arresto;Conducente;M;Illeso;0;;Non accertato;Inesploso
2636336;2;28/12/2015 21:30;Strada Urbana;VIA DEL FORO ITALICO;da specificare;;;;alt. via Salaria (rampa accesso) dir. s. giovanni;Scontro laterale fra veicoli in marcia;Rettilineo;Più di due carreggiate;Asciutto;Asfaltata;Assente;Sereno;Scarso;Buona;Sufficiente;0;0;0;2;12.48104;41.94025;-1;1;Autovettura privata;In marcia / fermata / arresto;Conducente;M;Illeso;0;;Non accertato;Inesploso
2636336;2;28/12/2015 21:30;Strada Urbana;VIA DEL FORO ITALICO;da specificare;;;;alt. via Salaria (rampa accesso) dir. s. giovanni;Scontro laterale fra veicoli in marcia;Rettilineo;Più di due carreggiate;Asciutto;Asfaltata;Assente;Sereno;Scarso;Buona;Sufficiente;0;0;0;2;12.48104;41.94025;-1;2;Autovettura privata;In marcia / fermata / arresto;Conducente;M;Illeso;0;;Non accertato;Inesploso
2636343;13;28/12/2015 18:00;Strada Urbana;VIA VALFLORIANA;all'intersezione con;VIA DOBBIACO;VIA DOBBIACO;;;Scontro frontale/laterale SX fra veicoli in marcia;Incrocio;Una carreggiata a doppio senso;Asciutto;Asfaltata;Verticale ed orizzontale;Sereno;Scarso;Buona;Sufficiente;3;0;0;1;12.37595;41.73131;-1;1;Autovettura privata;In marcia / fermata / arresto;Conducente;M;Illeso;0;;Non accertato;Inesploso
2636343;13;28/12/2015 18:00;Strada Urbana;VIA VALFLORIANA;all'intersezione con;VIA DOBBIACO;VIA DOBBIACO;;;Scontro frontale/laterale SX fra veicoli in marcia;Incrocio;Una carreggiata a doppio senso;Asciutto;Asfaltata;Verticale ed orizzontale;Sereno;Scarso;Buona;Sufficiente;3;0;0;1;12.37595;41.73131;-1;2;Autovettura privata;In marcia / fermata / arresto;Conducente;F;Rimandato;0;NON DECEDUTO;Non accertato;Inesploso
2636343;13;28/12/2015 18:00;Strada Urbana;VIA VALFLORIANA;all'intersezione con;VIA DOBBIACO;VIA DOBBIACO;;;Scontro frontale/laterale SX fra veicoli in marcia;Incrocio;Una carreggiata a doppio senso;Asciutto;Asfaltata;Verticale ed orizzontale;Sereno;Scarso;Buona;Sufficiente;3;0;0;1;12.37595;41.73131;-1;2;Autovettura privata;In marcia / fermata / arresto;Passeggero;M;Rimandato;0;NON DECEDUTO;Non accertato;Inesploso
2636343;13;28/12/2015 18:00;Strada Urbana;VIA VALFLORIANA;all'intersezione con;VIA DOBBIACO;VIA DOBBIACO;;;Scontro frontale/laterale SX fra veicoli in marcia;Incrocio;Una carreggiata a doppio senso;Asciutto;Asfaltata;Verticale ed orizzontale;Sereno;Scarso;Buona;Sufficiente;3;0;0;1;12.37595;41.73131;-1;2;Autovettura privata;In marcia / fermata / arresto;Passeggero;F;Rimandato;0;NON DECEDUTO;Non accertato;Inesploso
2636347;2;28/12/2015 20:45;Strada Urbana;VIA DI PRISCILLA;in corrispondenza;;del civico n.;59;;Veicolo in marcia contro ostacolo accidentale;Rettilineo;Una carreggiata a doppio senso;Asciutto;Asfaltata;Assente;Sereno;Scarso;Buona;Sufficiente;0;0;0;1;12.51035;41.93071;-1;1;Quadriciclo leggero;In marcia / fermata / arresto;Conducente;M;Illeso;0;;;
2636349;4;28/12/2015 11:00;Strada Urbana;VIA RENATO FUCINI;all'intersezione con;VIA LUIGI CAPUANA;VIA LUIGI CAPUANA;;;Scontro frontale/laterale SX fra veicoli in marcia;Intersezione semaforizzata;Due carreggiate;Asciutto;Asfaltata;Verticale ed orizzontale;Sereno;Normale;Buona;Ore Diurne;0;0;0;2;12.54952;41.94986;-1;1;Autovettura privata;In marcia / fermata / arresto;Conducente;M;Illeso;0;;Non accertato;Esploso
2636349;4;28/12/2015 11:00;Strada Urbana;VIA RENATO FUCINI;all'intersezione con;VIA LUIGI CAPUANA;VIA LUIGI CAPUANA;;;Scontro frontale/laterale SX fra veicoli in marcia;Intersezione semaforizzata;Due carreggiate;Asciutto;Asfaltata;Verticale ed orizzontale;Sereno;Normale;Buona;Ore Diurne;0;0;0;2;12.54952;41.94986;-1;2;Autovettura privata;In marcia / fermata / arresto;Conducente;M;Illeso;0;;Non accertato;Esploso
2636354;4;28/12/2015 10:00;Strada Urbana;VIA MONTE BERICO;in corrispondenza;;del civico n.;3;;Scontro laterale fra veicoli in marcia;Rettilineo;Una carreggiata a senso unico di marcia;Asciutto;Asfaltata;Verticale ed orizzontale;Sereno;Normale;Buona;Ore Diurne;0;0;0;2;12.53834;41.94127;-1;1;Autovettura privata;In marcia / fermata / arresto;Conducente;F;Illeso;0;;;
2636354;4;28/12/2015 10:00;Strada Urbana;VIA MONTE BERICO;in corrispondenza;;del civico n.;3;;Scontro laterale fra veicoli in marcia;Rettilineo;Una carreggiata a senso unico di marcia;Asciutto;Asfaltata;Verticale ed orizzontale;Sereno;Normale;Buona;Ore Diurne;0;0;0;2;12.53834;41.94127;-1;2;Autocarro inferiore 35 q.;In marcia / fermata / arresto;Conducente;M;Illeso;0;;;
2636356;4;28/12/2015 18:40;Strada Urbana;VIA DEI PRATI FISCALI;da specificare;;;;200 mt. prima dello svincolo per Via Salaria;Veicolo in marcia contro ostacolo accidentale;Rettilineo;Due carreggiate;Asciutto;Asfaltata;Assente;Sereno;Normale;Buona;Insufficiente;0;0;0;2;12.5161;41.94608;-1;1;Ciclomotore;In marcia / fermata / arresto;Conducente;F;Illeso;0;;;
2636356;4;28/12/2015 18:40;Strada Urbana;VIA DEI PRATI FISCALI;da specificare;;;;200 mt. prima dello svincolo per Via Salaria;Veicolo in marcia contro ostacolo accidentale;Rettilineo;Due carreggiate;Asciutto;Asfaltata;Assente;Sereno;Normale;Buona;Insufficiente;0;0;0;2;12.5161;41.94608;-1;1;Ciclomotore;In marcia / fermata / arresto;Passeggero;F;Illeso;0;;;
2636371;2;28/12/2015 15:30;Strada Urbana;VIA GIOVANNI PACINI;in corrispondenza;;del civico n.;21;;Tamponamento;Rettilineo;Una carreggiata a doppio senso;Asciutto;Asfaltata;Verticale ed orizzontale;Sereno;Normale;Buona;Ore Diurne;0;0;0;2;12.49626;41.9175;-1;1;Autovettura di polizia;In marcia / fermata / arresto;Conducente;M;Illeso;0;;Non accertato;Inesploso
2636371;2;28/12/2015 15:30;Strada Urbana;VIA GIOVANNI PACINI;in corrispondenza;;del civico n.;21;;Tamponamento;Rettilineo;Una carreggiata a doppio senso;Asciutto;Asfaltata;Verticale ed orizzontale;Sereno;Normale;Buona;Ore Diurne;0;0;0;2;12.49626;41.9175;-1;2;Autovettura privata;In marcia / fermata / arresto;Conducente;M;Illeso;0;;Non accertato;Inesploso
2636373;19;28/12/2015 18:05;Strada Urbana;VIA ANTONIO PANIZZI;in corrispondenza;;del civico n.;67;;Investimento di pedone;Rettilineo;Una carreggiata a doppio senso;Asciutto;Asfaltata;Orizzontale;Sereno;Normale;Sufficiente;Sufficiente;2;0;0;0;12.40005;41.95731;-1;;;;Pedone;F;Rimandato;0;NON DECEDUTO;;
2636373;19;28/12/2015 18:05;Strada Urbana;VIA ANTONIO PANIZZI;in corrispondenza;;del civico n.;67;;Investimento di pedone;Rettilineo;Una carreggiata a doppio senso;Asciutto;Asfaltata;Orizzontale;Sereno;Normale;Sufficiente;Sufficiente;2;0;0;0;12.40005;41.95731;-1;1;Motociclo a solo;In marcia / fermata / arresto;Conducente;M;Rimandato;0;NON DECEDUTO;;
2636379;12;28/12/2015 19:40;Provinciale;VIA LAURENTINA;in prossimità;;della chilometrica;12.8;;Veicolo in marcia contro ostacolo accidentale;Rettilineo;Due carreggiate;Asciutto;Asfaltata;Verticale ed orizzontale;Sereno;Scarso;Buona;Ore Diurne;0;0;0;1;12.48013;41.77928;-1;1;Autovettura privata;In marcia / fermata / arresto;Conducente;M;Illeso;0;;Non utilizzato;Inesploso
2636386;4;28/12/2015 16:50;Statale entro l'abitato;VIA SALARIA;in corrispondenza;;del civico n.;665;;Veicolo in marcia contro veicoli in sosta;Curva a visuale libera;Due carreggiate;Asciutto;Asfaltata;Verticale ed orizzontale;Sereno;Normale;Sufficiente;Sufficiente;1;0;0;0;12.50758;41.94201;-1;1;Autovettura privata;In marcia / fermata / arresto;Conducente;M;Rimandato;0;NON DECEDUTO;Non accertato;Inesploso
2636400;12;28/12/2015 21:00;Strada Urbana;VIA ALBERESE;da specificare;;;;altezza rampa proveniente da VIA I.Newton;Scontro frontale/laterale SX fra veicoli in marcia;Rettilineo;Una carreggiata a doppio senso;Asciutto;Asfaltata;Verticale ed orizzontale;Sereno;Normale;Buona;Sufficiente;1;0;0;1;12.44206;41.84797;-1;1;Motociclo a solo;In marcia / fermata / arresto;Conducente;M;Rimandato;0;NON DECEDUTO;Utilizzato;
2636400;12;28/12/2015 21:00;Strada Urbana;VIA ALBERESE;da specificare;;;;altezza rampa proveniente da VIA I.Newton;Scontro frontale/laterale SX fra veicoli in marcia;Rettilineo;Una carreggiata a doppio senso;Asciutto;Asfaltata;Verticale ed orizzontale;Sereno;Normale;Buona;Sufficiente;1;0;0;1;12.44206;41.84797;-1;2;Autovettura privata;In marcia / fermata / arresto;Conducente;M;Illeso;0;;Utilizzato;Inesploso
2636412;6;29/12/2015 09:50;Strada Urbana;LARGO DEI SAVORGNAN;da specificare;;;;fronte civ. 4;Scontro frontale/laterale DX fra veicoli in marcia;Pianeggiante;Una carreggiata a doppio senso;Asciutto;Asfaltata;Assente;Sereno;Scarso;Buona;Ore Diurne;0;0;0;2;12.53754;41.87821;-1;1;Autovettura privata;In marcia / fermata / arresto;Conducente;M;Illeso;0;;Non accertato;Inesploso
2636412;6;29/12/2015 09:50;Strada Urbana;LARGO DEI SAVORGNAN;da specificare;;;;fronte civ. 4;Scontro frontale/laterale DX fra veicoli in marcia;Pianeggiante;Una carreggiata a doppio senso;Asciutto;Asfaltata;Assente;Sereno;Scarso;Buona;Ore Diurne;0;0;0;2;12.53754;41.87821;-1;2;Autovettura privata;In marcia / fermata / arresto;Conducente;M;Illeso;0;;Non accertato;Inesploso
2636422;4;28/12/2015 13:20;Provinciale entro l'abitato;VIA NOMENTANA;da specificare;;;;fronte via G. Spaducci direzione Roma centro;Scontro frontale/laterale DX fra veicoli in marcia;Rettilineo;Una carreggiata a doppio senso;Asciutto;Asfaltata;Verticale ed orizzontale;Sereno;Normale;Buona;Ore Diurne;1;0;0;3;12.56037;41.9443;-1;1;Autovettura privata;In marcia / fermata / arresto;Conducente;M;Illeso;0;;Non accertato;
2636422;4;28/12/2015 13:20;Provinciale entro l'abitato;VIA NOMENTANA;da specificare;;;;fronte via G. Spaducci direzione Roma centro;Scontro frontale/laterale DX fra veicoli in marcia;Rettilineo;Una carreggiata a doppio senso;Asciutto;Asfaltata;Verticale ed orizzontale;Sereno;Normale;Buona;Ore Diurne;1;0;0;3;12.56037;41.9443;-1;2;Autovettura privata;In marcia / fermata / arresto;Conducente;M;Illeso;0;;Non accertato;
2636422;4;28/12/2015 13:20;Provinciale entro l'abitato;VIA NOMENTANA;da specificare;;;;fronte via G. Spaducci direzione Roma centro;Scontro frontale/laterale DX fra veicoli in marcia;Rettilineo;Una carreggiata a doppio senso;Asciutto;Asfaltata;Verticale ed orizzontale;Sereno;Normale;Buona;Ore Diurne;1;0;0;3;12.56037;41.9443;-1;2;Autovettura privata;In marcia / fermata / arresto;Passeggero;F;Rifiuta cure immediate;0;NON DECEDUTO;Non accertato;
2636422;4;28/12/2015 13:20;Provinciale entro l'abitato;VIA NOMENTANA;da specificare;;;;fronte via G. Spaducci direzione Roma centro;Scontro frontale/laterale DX fra veicoli in marcia;Rettilineo;Una carreggiata a doppio senso;Asciutto;Asfaltata;Verticale ed orizzontale;Sereno;Normale;Buona;Ore Diurne;1;0;0;3;12.56037;41.9443;-1;2;Autovettura privata;In marcia / fermata / arresto;Passeggero;M;Illeso;0;;Non accertato;
2636447;17;28/12/2015 18:50;Strada Urbana;VIA ANDREA DORIA;all'intersezione con;VIA SANTAMAURA;VIA SANTAMAURA;;;Investimento di pedone;Incrocio;Una carreggiata a doppio senso;Asciutto;Asfaltata;Verticale ed orizzontale;Sereno;Normale;Buona;Insufficiente;2;0;0;1;12.45318;41.90998;-1;;;;Pedone;M;Ricoverato;0;NON DECEDUTO;;