Protocollo;Gruppo;DataOraIncidente;Localizzazione1;STRADA1;Localizzazione2;STRADA2;Strada02;Chilometrica;DaSpecificare;NaturaIncidente;particolaritastrade;TipoStrada;FondoStradale;Pavimentazione;Segnaletica;CondizioneAtmosferica;Traffico;Visibilita;Illuminazione;NUM_FERITI;NUM_RISERVATA;NUM_MORTI;NUM_ILLESI;Longitudine;Latitudine;Confermato;Progressivo;TipoVeicolo;StatoVeicolo;TipoPersona;Sesso;Tipolesione;Deceduto;DecedutoDopo;CinturaCascoUtilizzato;Airbag
2636447;17;28/12/2015 18:50;Strada Urbana;VIA ANDREA DORIA;all'intersezione con;VIA SANTAMAURA;VIA SANTAMAURA;;;Investimento di pedone;Incrocio;Una carreggiata a doppio senso;Asciutto;Asfaltata;Verticale ed orizzontale;Sereno;Normale;Buona;Insufficiente;2;0;0;1;12.45318;41.90998;-1;1;Autovettura privata;In marcia / fermata / arresto;Conducente;M;Rimandato;0;NON DECEDUTO;;
2636447;17;28/12/2015 18:50;Strada Urbana;VIA ANDREA DORIA;all'intersezione con;VIA SANTAMAURA;VIA SANTAMAURA;;;Investimento di pedone;Incrocio;Una carreggiata a doppio senso;Asciutto;Asfaltata;Verticale ed orizzontale;Sereno;Normale;Buona;Insufficiente;2;0;0;1;12.45318;41.90998;-1;1;Autovettura privata;In marcia / fermata / arresto;Passeggero;F;Illeso;0;;Non accertato;
2636461;12;29/12/2015 00:40;Strada Urbana;VIA PORTUENSE;all'intersezione con;VIA DI VIGNA PIA;VIA DI VIGNA PIA;;;Tamponamento;Incrocio;Una carreggiata a doppio senso;Asciutto;Asfaltata;Verticale ed orizzontale;Sereno;Scarso;Buona;Sufficiente;0;0;0;3;12.45772;41.86465;-1;1;Autovettura privata;In marcia / fermata / arresto;Conducente;F;Illeso;0;;Utilizzato;Inesploso
2636461;12;29/12/2015 00:40;Strada Urbana;VIA PORTUENSE;all'intersezione con;VIA DI VIGNA PIA;VIA DI VIGNA PIA;;;Tamponamento;Incrocio;Una carreggiata a doppio senso;Asciutto;Asfaltata;Verticale ed orizzontale;Sereno;Scarso;Buona;Sufficiente;0;0;0;3;12.45772;41.86465;-1;2;Autovettura privata;In marcia / fermata / arresto;Conducente;M;Illeso;0;;Utilizzato;Inesploso
2636461;12;29/12/2015 00:40;Strada Urbana;VIA PORTUENSE;all'intersezione con;VIA DI VIGNA PIA;VIA DI VIGNA PIA;;;Tamponamento;Incrocio;Una carreggiata a doppio senso;Asciutto;Asfaltata;Verticale ed orizzontale;Sereno;Scarso;Buona;Sufficiente;0;0;0;3;12.45772;41.86465;-1;2;Autovettura privata;In marcia / fermata / arresto;Passeggero;M;Illeso;0;;Utilizzato;Inesploso
2636470;20;28/12/2015 17:45;Strada Urbana;VIA DELLA VILLA DI LIVIA;da specificare;;;;area parcheggio farmacia civico 90;Scontro laterale fra veicoli in marcia;Rettilineo;Una carreggiata a doppio senso;Asciutto;Asfaltata;Assente;Sereno;Scarso;Buona;Sufficiente;0;0;0;2;12.4924;42.00356;-1;1;Autovettura privata;In marcia / fermata / arresto;Conducente;M;Illeso;0;;Non accertato;Inesploso
2636470;20;28/12/2015 17:45;Strada Urbana;VIA DELLA VILLA DI LIVIA;da specificare;;;;area parcheggio farmacia civico 90;Scontro laterale fra veicoli in marcia;Rettilineo;Una carreggiata a doppio senso;Asciutto;Asfaltata;Assente;Sereno;Scarso;Buona;Sufficiente;0;0;0;2;12.4924;42.00356;-1;2;Autovettura privata;In marcia / fermata / arresto;Conducente;M;Illeso;0;;Utilizzato;Inesploso
2636499;10;28/12/2015 19:15;Strada Urbana;VIA TUSCOLANA;in prossimità;;del civico n.;1480;;Scontro laterale fra veicoli in marcia;Rettilineo;Due carreggiate;Asciutto;Asfaltata;Verticale ed orizzontale;Sereno;Normale;Buona;Sufficiente;0;0;0;9;12.57407;41.84939;-1;1;Autovettura privata;In marcia / fermata / arresto;Conducente;M;Illeso;0;;Non accertato;Inesploso
2636499;10;28/12/2015 19:15;Strada Urbana;VIA TUSCOLANA;in prossimità;;del civico n.;1480;;Scontro laterale fra veicoli in marcia;Rettilineo;Due carreggiate;Asciutto;Asfaltata;Verticale ed orizzontale;Sereno;Normale;Buona;Sufficiente;0;0;0;9;12.57407;41.84939;-1;1;Autovettura privata;In marcia / fermata / arresto;Passeggero;F;Illeso;0;;Non accertato;Inesploso
2636499;10;28/12/2015 19:15;Strada Urbana;VIA TUSCOLANA;in prossimità;;del civico n.;1480;;Scontro laterale fra veicoli in marcia;Rettilineo;Due carreggiate;Asciutto;Asfaltata;Verticale ed orizzontale;Sereno;Normale;Buona;Sufficiente;0;0;0;9;12.57407;41.84939;-1;1;Autovettura privata;In marcia / fermata / arresto;Passeggero;F;Illeso;0;;Non accertato;Inesploso
2636499;10;28/12/2015 19:15;Strada Urbana;VIA TUSCOLANA;in prossimità;;del civico n.;1480;;Scontro laterale fra veicoli in marcia;Rettilineo;Due carreggiate;Asciutto;Asfaltata;Verticale ed orizzontale;Sereno;Normale;Buona;Sufficiente;0;0;0;9;12.57407;41.84939;-1;1;Autovettura privata;In marcia / fermata / arresto;Passeggero;F;Illeso;0;;Non accertato;Inesploso
2636499;10;28/12/2015 19:15;Strada Urbana;VIA TUSCOLANA;in prossimità;;del civico n.;1480;;Scontro laterale fra veicoli in marcia;Rettilineo;Due carreggiate;Asciutto;Asfaltata;Verticale ed orizzontale;Sereno;Normale;Buona;Sufficiente;0;0;0;9;12.57407;41.84939;-1;2;Autovettura privata;In marcia / fermata / arresto;Conducente;F;Illeso;0;;Non accertato;Inesploso
2636499;10;28/12/2015 19:15;Strada Urbana;VIA TUSCOLANA;in prossimità;;del civico n.;1480;;Scontro laterale fra veicoli in marcia;Rettilineo;Due carreggiate;Asciutto;Asfaltata;Verticale ed orizzontale;Sereno;Normale;Buona;Sufficiente;0;0;0;9;12.57407;41.84939;-1;2;Autovettura privata;In marcia / fermata / arresto;Passeggero;F;Illeso;0;;Non accertato;Inesploso
2636499;10;28/12/2015 19:15;Strada Urbana;VIA TUSCOLANA;in prossimità;;del civico n.;1480;;Scontro laterale fra veicoli in marcia;Rettilineo;Due carreggiate;Asciutto;Asfaltata;Verticale ed orizzontale;Sereno;Normale;Buona;Sufficiente;0;0;0;9;12.57407;41.84939;-1;2;Autovettura privata;In marcia / fermata / arresto;Passeggero;F;Illeso;0;;Non accertato;Inesploso
2636499;10;28/12/2015 19:15;Strada Urbana;VIA TUSCOLANA;in prossimità;;del civico n.;1480;;Scontro laterale fra veicoli in marcia;Rettilineo;Due carreggiate;Asciutto;Asfaltata;Verticale ed orizzontale;Sereno;Normale;Buona;Sufficiente;0;0;0;9;12.57407;41.84939;-1;2;Autovettura privata;In marcia / fermata / arresto;Passeggero;F;Illeso;0;;Non accertato;Inesploso
2636505;12;29/12/2015 02:30;Strada Urbana;VIA CRISTOFORO COLOMBO;all'intersezione con;VIA GIOVANNI GENOCCHI;VIA GIOVANNI GENOCCHI;;;Scontro frontale/laterale DX fra veicoli in marcia;Intersezione semaforizzata;Più di due carreggiate;Asciutto;Asfaltata;Verticale ed orizzontale;Sereno;Scarso;Buona;Sufficiente;1;0;0;4;12.49459;41.8592;-1;1;Autovettura privata;In marcia / fermata / arresto;Conducente;M;Illeso;0;;Utilizzato;Inesploso
2636505;12;29/12/2015 02:30;Strada Urbana;VIA CRISTOFORO COLOMBO;all'intersezione con;VIA GIOVANNI GENOCCHI;VIA GIOVANNI GENOCCHI;;;Scontro frontale/laterale DX fra veicoli in marcia;Intersezione semaforizzata;Più di due carreggiate;Asciutto;Asfaltata;Verticale ed orizzontale;Sereno;Scarso;Buona;Sufficiente;1;0;0;4;12.49459;41.8592;-1;1;Autovettura privata;In marcia / fermata / arresto;Passeggero;M;Illeso;0;;Utilizzato;Inesploso
2636505;12;29/12/2015 02:30;Strada Urbana;VIA CRISTOFORO COLOMBO;all'intersezione con;VIA GIOVANNI GENOCCHI;VIA GIOVANNI GENOCCHI;;;Scontro frontale/laterale DX fra veicoli in marcia;Intersezione semaforizzata;Più di due carreggiate;Asciutto;Asfaltata;Verticale ed orizzontale;Sereno;Scarso;Buona;Sufficiente;1;0;0;4;12.49459;41.8592;-1;2;Autovettura privata;In marcia / fermata / arresto;Conducente;M;Rimandato;0;NON DECEDUTO;Utilizzato;Inesploso
2636505;12;29/12/2015 02:30;Strada Urbana;VIA CRISTOFORO COLOMBO;all'intersezione con;VIA GIOVANNI GENOCCHI;VIA GIOVANNI GENOCCHI;;;Scontro frontale/laterale DX fra veicoli in marcia;Intersezione semaforizzata;Più di due carreggiate;Asciutto;Asfaltata;Verticale ed orizzontale;Sereno;Scarso;Buona;Sufficiente;1;0;0;4;12.49459;41.8592;-1;2;Autovettura privata;In marcia / fermata / arresto;Passeggero;M;Illeso;0;;Non accertato;Inesploso
2636505;12;29/12/2015 02:30;Strada Urbana;VIA CRISTOFORO COLOMBO;all'intersezione con;VIA GIOVANNI GENOCCHI;VIA GIOVANNI GENOCCHI;;;Scontro frontale/laterale DX fra veicoli in marcia;Intersezione semaforizzata;Più di due carreggiate;Asciutto;Asfaltata;Verticale ed orizzontale;Sereno;Scarso;Buona;Sufficiente;1;0;0;4;12.49459;41.8592;-1;2;Autovettura privata;In marcia / fermata / arresto;Passeggero;F;Illeso;0;;Non accertato;Inesploso
2636526;10;28/12/2015 16:40;Strada Urbana;VIA GIUSEPPE SAREDO;in corrispondenza;;del civico n.;73;;Veicolo in marcia contro veicoli in sosta;Rettilineo;Una carreggiata a senso unico di marcia;Asciutto;Asfaltata;Assente;Sereno;Scarso;Buona;Ore Diurne;0;0;0;1;12.57238;41.86224;-1;1;Autovettura privata;In marcia / fermata / arresto;Conducente;F;Illeso;0;;Utilizzato;Inesploso
2636554;9;29/12/2015 12:00;Strada Urbana;VIA SIBARI;da specificare;;;;fronte via Elea;Tamponamento;Rettilineo;Una carreggiata a senso unico di marcia;Asciutto;Asfaltata;Assente;Sereno;Normale;Buona;Ore Diurne;0;0;0;6;12.50361;41.88218;-1;1;Autovettura privata;In marcia / fermata / arresto;Conducente;M;Illeso;0;;Non accertato;
2636554;9;29/12/2015 12:00;Strada Urbana;VIA SIBARI;da specificare;;;;fronte via Elea;Tamponamento;Rettilineo;Una carreggiata a senso unico di marcia;Asciutto;Asfaltata;Assente;Sereno;Normale;Buona;Ore Diurne;0;0;0;6;12.50361;41.88218;-1;1;Autovettura privata;In marcia / fermata / arresto;Passeggero;M;Illeso;0;;Non accertato;
2636554;9;29/12/2015 12:00;Strada Urbana;VIA SIBARI;da specificare;;;;fronte via Elea;Tamponamento;Rettilineo;Una carreggiata a senso unico di marcia;Asciutto;Asfaltata;Assente;Sereno;Normale;Buona;Ore Diurne;0;0;0;6;12.50361;41.88218;-1;1;Autovettura privata;In marcia / fermata / arresto;Passeggero;M;Illeso;0;;Non accertato;
2636554;9;29/12/2015 12:00;Strada Urbana;VIA SIBARI;da specificare;;;;fronte via Elea;Tamponamento;Rettilineo;Una carreggiata a senso unico di marcia;Asciutto;Asfaltata;Assente;Sereno;Normale;Buona;Ore Diurne;0;0;0;6;12.50361;41.88218;-1;2;Autovettura privata;In marcia / fermata / arresto;Conducente;M;Illeso;0;;Non accertato;
2636554;9;29/12/2015 12:00;Strada Urbana;VIA SIBARI;da specificare;;;;fronte via Elea;Tamponamento;Rettilineo;Una carreggiata a senso unico di marcia;Asciutto;Asfaltata;Assente;Sereno;Normale;Buona;Ore Diurne;0;0;0;6;12.50361;41.88218;-1;2;Autovettura privata;In marcia / fermata / arresto;Passeggero;M;Illeso;0;;Non accertato;
2636554;9;29/12/2015 12:00;Strada Urbana;VIA SIBARI;da specificare;;;;fronte via Elea;Tamponamento;Rettilineo;Una carreggiata a senso unico di marcia;Asciutto;Asfaltata;Assente;Sereno;Normale;Buona;Ore Diurne;0;0;0;6;12.50361;41.88218;-1;2;Autovettura privata;In marcia / fermata / arresto;Passeggero;F;Illeso;0;;Non accertato;
2636635;10;28/12/2015 10:05;Strada Urbana;VIA DEL QUADRARO;in prossimità;;del civico n.;15;;Scontro frontale/laterale SX fra veicoli in marcia;Rettilineo;Una carreggiata a senso unico di marcia;Asciutto;Asfaltata;Verticale ed orizzontale;Sereno;Normale;Buona;Ore Diurne;0;0;0;2;12.55404;41.85942;-1;1;Autovettura privata;In marcia / fermata / arresto;Conducente;M;Illeso;0;;Non accertato;Inesploso
2636635;10;28/12/2015 10:05;Strada Urbana;VIA DEL QUADRARO;in prossimità;;del civico n.;15;;Scontro frontale/laterale SX fra veicoli in marcia;Rettilineo;Una carreggiata a senso unico di marcia;Asciutto;Asfaltata;Verticale ed orizzontale;Sereno;Normale;Buona;Ore Diurne;0;0;0;2;12.55404;41.85942;-1;2;Motociclo a solo;In marcia / fermata / arresto;Conducente;M;Illeso;0;;Non accertato;
2636724;16;28/12/2015 12:30;Strada Urbana;VIALE DEI QUATTRO VENTI;in prossimità;;del civico n.;156;;Scontro frontale/laterale SX fra veicoli in marcia;Rettilineo;Una carreggiata a doppio senso;Asciutto;Asfaltata;Orizzontale;Sereno;Normale;Buona;Ore Diurne;0;0;0;2;12.4583;41.87888;-1;1;Motociclo a solo;In marcia / fermata / arresto;Conducente;M;Illeso;0;;Non accertato;
2636724;16;28/12/2015 12:30;Strada Urbana;VIALE DEI QUATTRO VENTI;in prossimità;;del civico n.;156;;Scontro frontale/laterale SX fra veicoli in marcia;Rettilineo;Una carreggiata a doppio senso;Asciutto;Asfaltata;Orizzontale;Sereno;Normale;Buona;Ore Diurne;0;0;0;2;12.4583;41.87888;-1;2;Autovettura privata;In marcia / fermata / arresto;Conducente;M;Illeso;0;;Non accertato;Inesploso
2636745;23;23/12/2015 09:40;Strada Urbana;LUNGOTEVERE DEI VALLATI;all'intersezione semaforizzata con;PONTE SISTO;PONTE SISTO;;;Infortunio per sola frenata improvvisa;Intersezione semaforizzata;Una carreggiata a senso unico di marcia;Asciutto;Asfaltata;Verticale ed orizzontale;Sereno;Normale;Buona;Ore Diurne;1;0;0;0;12.47129;41.89268;-1;1;Motociclo a solo;In marcia / fermata / arresto;Conducente;F;Rimandato;0;NON DECEDUTO;Utilizzato;
2636748;8;29/12/2015 08:30;Strada Urbana;VIA AMICO ASPERTINI;da specificare;;;;SUBITO DOPO PALO ACEA 43;Investimento di pedone;Curva a visuale libera;Una carreggiata a doppio senso;Asciutto;Asfaltata;Verticale ed orizzontale;Sereno;Normale;Buona;Ore Diurne;1;0;0;1;12.6299;41.87275;-1;;;;Pedone;F;Rimandato;0;NON DECEDUTO;;
2636748;8;29/12/2015 08:30;Strada Urbana;VIA AMICO ASPERTINI;da specificare;;;;SUBITO DOPO PALO ACEA 43;Investimento di pedone;Curva a visuale libera;Una carreggiata a doppio senso;Asciutto;Asfaltata;Verticale ed orizzontale;Sereno;Normale;Buona;Ore Diurne;1;0;0;1;12.6299;41.87275;-1;1;Autovettura privata;In marcia / fermata / arresto;Conducente;M;Illeso;0;;Non accertato;Inesploso
2636751;23;24/12/2015 11:20;Strada Urbana;PIAZZALE CRISTOFORO COLOMBO;da specificare;;;;lato lungomare l. catulo;Scontro frontale/laterale SX fra veicoli in marcia;Rotatoria;Una carreggiata a senso unico di marcia;Bagnato (umidità in atto);Asfaltata;Orizzontale;Sereno;Normale;Buona;Ore Diurne;1;0;0;8;12.31898;41.7164;-1;1;Autocarro inferiore 35 q.;In marcia / fermata / arresto;Conducente;M;Illeso;0;;Utilizzato;Inesploso
2636751;23;24/12/2015 11:20;Strada Urbana;PIAZZALE CRISTOFORO COLOMBO;da specificare;;;;lato lungomare l. catulo;Scontro frontale/laterale SX fra veicoli in marcia;Rotatoria;Una carreggiata a senso unico di marcia;Bagnato (umidità in atto);Asfaltata;Orizzontale;Sereno;Normale;Buona;Ore Diurne;1;0;0;8;12.31898;41.7164;-1;1;Autocarro inferiore 35 q.;In marcia / fermata / arresto;Passeggero;M;Illeso;0;;Non accertato;Inesploso
2636751;23;24/12/2015 11:20;Strada Urbana;PIAZZALE CRISTOFORO COLOMBO;da specificare;;;;lato lungomare l. catulo;Scontro frontale/laterale SX fra veicoli in marcia;Rotatoria;Una carreggiata a senso unico di marcia;Bagnato (umidità in atto);Asfaltata;Orizzontale;Sereno;Normale;Buona;Ore Diurne;1;0;0;8;12.31898;41.7164;-1;1;Autocarro inferiore 35 q.;In marcia / fermata / arresto;Passeggero;M;Illeso;0;;Utilizzato;Inesploso
2636751;23;24/12/2015 11:20;Strada Urbana;PIAZZALE CRISTOFORO COLOMBO;da specificare;;;;lato lungomare l. catulo;Scontro frontale/laterale SX fra veicoli in marcia;Rotatoria;Una carreggiata a senso unico di marcia;Bagnato (umidità in atto);Asfaltata;Orizzontale;Sereno;Normale;Buona;Ore Diurne;1;0;0;8;12.31898;41.7164;-1;1;Autocarro inferiore 35 q.;In marcia / fermata / arresto;Passeggero;M;Illeso;0;;Utilizzato;Inesploso
2636751;23;24/12/2015 11:20;Strada Urbana;PIAZZALE CRISTOFORO COLOMBO;da specificare;;;;lato lungomare l. catulo;Scontro frontale/laterale SX fra veicoli in marcia;Rotatoria;Una carreggiata a senso unico di marcia;Bagnato (umidità in atto);Asfaltata;Orizzontale;Sereno;Normale;Buona;Ore Diurne;1;0;0;8;12.31898;41.7164;-1;2;Autovettura privata;In marcia / fermata / arresto;Conducente;F;Illeso;0;;Utilizzato;Inesploso
2636751;23;24/12/2015 11:20;Strada Urbana;PIAZZALE CRISTOFORO COLOMBO;da specificare;;;;lato lungomare l. catulo;Scontro frontale/laterale SX fra veicoli in marcia;Rotatoria;Una carreggiata a senso unico di marcia;Bagnato (umidità in atto);Asfaltata;Orizzontale;Sereno;Normale;Buona;Ore Diurne;1;0;0;8;12.31898;41.7164;-1;2;Autovettura privata;In marcia / fermata / arresto;Passeggero;F;Illeso;0;;Utilizzato;Inesploso
2636751;23;24/12/2015 11:20;Strada Urbana;PIAZZALE CRISTOFORO COLOMBO;da specificare;;;;lato lungomare l. catulo;Scontro frontale/laterale SX fra veicoli in marcia;Rotatoria;Una carreggiata a senso unico di marcia;Bagnato (umidità in atto);Asfaltata;Orizzontale;Sereno;Normale;Buona;Ore Diurne;1;0;0;8;12.31898;41.7164;-1;2;Autovettura privata;In marcia / fermata / arresto;Passeggero;F;Rimandato;0;NON DECEDUTO;Utilizzato;Inesploso
2636751;23;24/12/2015 11:20;Strada Urbana;PIAZZALE CRISTOFORO COLOMBO;da specificare;;;;lato lungomare l. catulo;Scontro frontale/laterale SX fra veicoli in marcia;Rotatoria;Una carreggiata a senso unico di marcia;Bagnato (umidità in atto);Asfaltata;Orizzontale;Sereno;Normale;Buona;Ore Diurne;1;0;0;8;12.31898;41.7164;-1;2;Autovettura privata;In marcia / fermata / arresto;Passeggero;F;Illeso;0;;Utilizzato;Inesploso
2636755;1;29/12/2015 11:30;Strada Urbana;PIAZZA D'ARACOELI;in corrispondenza;;del palo luce n.;10;;Investimento di pedone;Curva a visuale libera;Una carreggiata a senso unico di marcia;Asciutto;In cubetti di porfido;Orizzontale;Nuvoloso;Normale;Buona;Ore Diurne;2;0;0;0;12.48115;41.89449;-1;;;;Pedone;M;Rimandato;0;NON DECEDUTO;;
2636755;1;29/12/2015 11:30;Strada Urbana;PIAZZA D'ARACOELI;in corrispondenza;;del palo luce n.;10;;Investimento di pedone;Curva a visuale libera;Una carreggiata a senso unico di marcia;Asciutto;In cubetti di porfido;Orizzontale;Nuvoloso;Normale;Buona;Ore Diurne;2;0;0;0;12.48115;41.89449;-1;1;Motociclo a solo;In marcia / fermata / arresto;Conducente;M;Rifiuta cure immediate;0;NON DECEDUTO;Non accertato;
2636766;16;28/12/2015 23:45;Strada Urbana;VIALE GUGLIELMO MARCONI;in prossimità;;del civico n.;700;;Veicolo in marcia contro ostacolo accidentale;Rettilineo;Due carreggiate;Asciutto;Asfaltata;Orizzontale;Sereno;Scarso;Sufficiente;Sufficiente;0;0;0;1;12.47564;41.84648;-1;1;Autovettura privata;In marcia / fermata / arresto;Conducente;M;Illeso;0;;Non accertato;Inesploso
2636789;1;29/12/2015 10:40;Strada Urbana;VIA GIOVANNI BRANCA;all'intersezione con;VIA FLORIO;VIA FLORIO;;;Scontro frontale/laterale DX fra veicoli in marcia;Incrocio;Una carreggiata a doppio senso;Asciutto;Asfaltata;Verticale;Sereno;Scarso;Buona;Ore Diurne;0;0;0;2;12.47336;41.87929;-1;1;Autovettura pubblica;In marcia / fermata / arresto;Conducente;M;Illeso;0;;Non accertato;Inesploso
2636789;1;29/12/2015 10:40;Strada Urbana;VIA GIOVANNI BRANCA;all'intersezione con;VIA FLORIO;VIA FLORIO;;;Scontro frontale/laterale DX fra veicoli in marcia;Incrocio;Una carreggiata a doppio senso;Asciutto;Asfaltata;Verticale;Sereno;Scarso;Buona;Ore Diurne;0;0;0;2;12.47336;41.87929;-1;2;Autovettura di polizia;In marcia / fermata / arresto;Conducente;M;Illeso;0;;Non accertato;Inesploso
2636822;23;25/12/2015 02:15;Provinciale;VIA LITORANEA;in prossimità;;della chilometrica;2.93;;Fuoriuscita dalla sede stradale;Curva a visuale libera;Due carreggiate;Bagnato (umidità in atto);Asfaltata;Verticale ed orizzontale;Sereno;Scarso;Insufficiente;Inesistente;0;0;0;5;12.37354;41.68762;-1;1;Autovettura privata;In marcia / fermata / arresto;Passeggero;F;Illeso;0;;Non accertato;Inesploso
2636822;23;25/12/2015 02:15;Provinciale;VIA LITORANEA;in prossimità;;della chilometrica;2.93;;Fuoriuscita dalla sede stradale;Curva a visuale libera;Due carreggiate;Bagnato (umidità in atto);Asfaltata;Verticale ed orizzontale;Sereno;Scarso;Insufficiente;Inesistente;0;0;0;5;12.37354;41.68762;-1;1;Autovettura privata;In marcia / fermata / arresto;Passeggero;F;Illeso;0;;Non accertato;Inesploso
2636822;23;25/12/2015 02:15;Provinciale;VIA LITORANEA;in prossimità;;della chilometrica;2.93;;Fuoriuscita dalla sede stradale;Curva a visuale libera;Due carreggiate;Bagnato (umidità in atto);Asfaltata;Verticale ed orizzontale;Sereno;Scarso;Insufficiente;Inesistente;0;0;0;5;12.37354;41.68762;-1;1;Autovettura privata;In marcia / fermata / arresto;Passeggero;F;Illeso;0;;Non accertato;Inesploso
2636822;23;25/12/2015 02:15;Provinciale;VIA LITORANEA;in prossimità;;della chilometrica;2.93;;Fuoriuscita dalla sede stradale;Curva a visuale libera;Due carreggiate;Bagnato (umidità in atto);Asfaltata;Verticale ed orizzontale;Sereno;Scarso;Insufficiente;Inesistente;0;0;0;5;12.37354;41.68762;-1;1;Autovettura privata;In marcia / fermata / arresto;Conducente;M;Illeso;0;;Non accertato;Inesploso
2636822;23;25/12/2015 02:15;Provinciale;VIA LITORANEA;in prossimità;;della chilometrica;2.93;;Fuoriuscita dalla sede stradale;Curva a visuale libera;Due carreggiate;Bagnato (umidità in atto);Asfaltata;Verticale ed orizzontale;Sereno;Scarso;Insufficiente;Inesistente;0;0;0;5;12.37354;41.68762;-1;1;Autovettura privata;In marcia / fermata / arresto;Passeggero;F;Illeso;0;;Non accertato;Inesploso
2636826;19;29/12/2015 14:15;Strada Urbana;VIA ELIO DONATO;in corrispondenza;;del civico n.;29;;Veicolo in marcia contro veicolo in sosta;Rettilineo;Una carreggiata a senso unico di marcia;Asciutto;Asfaltata;Orizzontale;Sereno;Normale;Buona;Ore Diurne;0;0;0;1;12.44292;41.91285;-1;2;Autocarro inferiore 35 q.;In marcia / fermata / arresto;Conducente;M;Illeso;0;;Non accertato;Inesploso
2636832;23;25/12/2015 18:45;Comunale extraurbana;VIA CRISTOFORO COLOMBO;all'intersezione semaforizzata con;VIA DI MALAFEDE;VIA DI MALAFEDE;;;Tamponamento;Intersezione semaforizzata;Due carreggiate;Asciutto;Asfaltata;Verticale ed orizzontale;Sereno;Scarso;Buona;Sufficiente;1;0;0;3;12.39726;41.77558;-1;1;Autovettura privata;In marcia / fermata / arresto;Conducente;M;Illeso;0;;Utilizzato;Inesploso
2636832;23;25/12/2015 18:45;Comunale extraurbana;VIA CRISTOFORO COLOMBO;all'intersezione semaforizzata con;VIA DI MALAFEDE;VIA DI MALAFEDE;;;Tamponamento;Intersezione semaforizzata;Due carreggiate;Asciutto;Asfaltata;Verticale ed orizzontale;Sereno;Scarso;Buona;Sufficiente;1;0;0;3;12.39726;41.77558;-1;1;Autovettura privata;In marcia / fermata / arresto;Passeggero;M;Illeso;0;;Non accertato;Inesploso
2636832;23;25/12/2015 18:45;Comunale extraurbana;VIA CRISTOFORO COLOMBO;all'intersezione semaforizzata con;VIA DI MALAFEDE;VIA DI MALAFEDE;;;Tamponamento;Intersezione semaforizzata;Due carreggiate;Asciutto;Asfaltata;Verticale ed orizzontale;Sereno;Scarso;Buona;Sufficiente;1;0;0;3;12.39726;41.77558;-1;1;Autovettura privata;In marcia / fermata / arresto;Passeggero;F;Illeso;0;;Non accertato;Inesploso
2636832;23;25/12/2015 18:45;Comunale extraurbana;VIA CRISTOFORO COLOMBO;all'intersezione semaforizzata con;VIA DI MALAFEDE;VIA DI MALAFEDE;;;Tamponamento;Intersezione semaforizzata;Due carreggiate;Asciutto;Asfaltata;Verticale ed orizzontale;Sereno;Scarso;Buona;Sufficiente;1;0;0;3;12.39726;41.77558;-1;2;Autovettura privata;In marcia / fermata / arresto;Conducente;F;Rimandato;0;NON DECEDUTO;Utilizzato;Inesploso
2636873;23;01/12/2015 20:10;Comunale extraurbana;VIA CRISTOFORO COLOMBO;da specificare;;;;carregiata lat. dir. GRA alt. Km. 19.800;Veicolo in marcia contro ostacolo accidentale;Rettilineo;Più di due carreggiate;Asciutto;Asfaltata;Verticale ed orizzontale;Sereno;Scarso;Buona;Sufficiente;0;0;0;1;12.39589;41.77404;-1;1;Autovettura privata;In marcia / fermata / arresto;Conducente;F;Illeso;0;;Non accertato;Inesploso
2636969;2;29/12/2015 14:00;Strada Urbana;VIALE ERITREA;all'intersezione con;PIAZZA ANNIBALIANO;PIAZZA ANNIBALIANO;;;Scontro laterale fra veicoli in marcia;Incrocio;Due carreggiate;Asciutto;Asfaltata;Verticale ed orizzontale;Sereno;Normale;Buona;Ore Diurne;1;0;0;2;12.51577;41.92469;-1;1;Autovettura privata;In marcia / fermata / arresto;Conducente;F;Ricoverato;0;NON DECEDUTO;Non accertato;Esploso
2636969;2;29/12/2015 14:00;Strada Urbana;VIALE ERITREA;all'intersezione con;PIAZZA ANNIBALIANO;PIAZZA ANNIBALIANO;;;Scontro laterale fra veicoli in marcia;Incrocio;Due carreggiate;Asciutto;Asfaltata;Verticale ed orizzontale;Sereno;Normale;Buona;Ore Diurne;1;0;0;2;12.51577;41.92469;-1;2;Autovettura privata;In marcia / fermata / arresto;Conducente;M;Illeso;0;;Non accertato;Inesploso
2636969;2;29/12/2015 14:00;Strada Urbana;VIALE ERITREA;all'intersezione con;PIAZZA ANNIBALIANO;PIAZZA ANNIBALIANO;;;Scontro laterale fra veicoli in marcia;Incrocio;Due carreggiate;Asciutto;Asfaltata;Verticale ed orizzontale;Sereno;Normale;Buona;Ore Diurne;1;0;0;2;12.51577;41.92469;-1;2;Autovettura privata;In marcia / fermata / arresto;Passeggero;F;Illeso;0;;Non accertato;Inesploso
2636984;18;29/12/2015 08:00;Strada Urbana;VIA DI BOCCEA;in prossimità;;del civico n.;623;;Scontro laterale fra veicoli in marcia;Rettilineo;Una carreggiata a doppio senso;Asciutto;Asfaltata;Assente;Sereno;Normale;Buona;Ore Diurne;2;0;0;1;12.37676;41.91964;-1;1;Autovettura privata;In marcia / fermata / arresto;Conducente;M;Illeso;0;;;
2636984;18;29/12/2015 08:00;Strada Urbana;VIA DI BOCCEA;in prossimità;;del civico n.;623;;Scontro laterale fra veicoli in marcia;Rettilineo;Una carreggiata a doppio senso;Asciutto;Asfaltata;Assente;Sereno;Normale;Buona;Ore Diurne;2;0;0;1;12.37676;41.91964;-1;2;Motociclo a solo;In marcia / fermata / arresto;Conducente;F;Rimandato;0;NON DECEDUTO;Non accertato;